WeightABG,date,id
39.0,1982-03-05,1
65.0,1982-03-12,1
95.0,1982-03-19,1
124.0,1982-03-26,1
167.0,1982-04-02,1
274.0,1982-04-09,1
546.0,1982-04-16,1
948.0,1982-04-23,1
1665.0,1982-04-30,1
2428.0,1982-05-07,1
3277.0,1982-05-14,1
4169.0,1982-05-21,1
4992.0,1982-05-28,1
5801.0,1982-06-04,1
6914.0,1982-06-11,1
7872.0,1982-06-18,1
8732.0,1982-06-25,1
9301.0,1982-07-02,1
9925.0,1982-07-09,1
10536.0,1982-07-16,1
11286.0,1982-07-23,1
12021.0,1982-07-30,1
12733.0,1982-08-06,1
13438.0,1982-08-13,1
14140.0,1982-08-20,1
14754.0,1982-08-27,1
15332.0,1982-09-03,1
15828.0,1982-09-10,1
16331.0,1982-09-17,1
16744.0,1982-09-24,1
17205.0,1982-10-01,1
17626.0,1982-10-08,1
17892.0,1982-10-15,1
18072.0,1982-10-22,1
18193.0,1982-10-29,1
18351.0,1982-11-05,1
18488.0,1982-11-12,1
18594.0,1982-11-19,1
18661.0,1982-11-26,1
18709.0,1982-12-03,1
30.0,1982-03-05,2
50.0,1982-03-12,2
90.0,1982-03-19,2
118.0,1982-03-26,2
155.0,1982-04-02,2
237.0,1982-04-09,2
477.0,1982-04-16,2
792.0,1982-04-23,2
1451.0,1982-04-30,2
2143.0,1982-05-07,2
2790.0,1982-05-14,2
3670.0,1982-05-21,2
4393.0,1982-05-28,2
5250.0,1982-06-04,2
6419.0,1982-06-11,2
7298.0,1982-06-18,2
8068.0,1982-06-25,2
8670.0,1982-07-02,2
9161.0,1982-07-09,2
9632.0,1982-07-16,2
10181.0,1982-07-23,2
10888.0,1982-07-30,2
11618.0,1982-08-06,2
12220.0,1982-08-13,2
12811.0,1982-08-20,2
13331.0,1982-08-27,2
13873.0,1982-09-03,2
14353.0,1982-09-10,2
14819.0,1982-09-17,2
15258.0,1982-09-24,2
15700.0,1982-10-01,2
16102.0,1982-10-08,2
16350.0,1982-10-15,2
16508.0,1982-10-22,2
16617.0,1982-10-29,2
16837.0,1982-11-05,2
16960.0,1982-11-12,2
17077.0,1982-11-19,2
17173.0,1982-11-26,2
17229.0,1982-12-03,2
264.0,1982-03-12,3
544.0,1982-03-19,3
758.0,1982-03-26,3
1155.0,1982-04-02,3
1433.0,1982-04-09,3
1977.0,1982-04-16,3
2654.0,1982-04-23,3
3200.0,1982-04-30,3
3895.0,1982-05-07,3
4340.0,1982-05-14,3
4934.0,1982-05-21,3
5498.0,1982-05-28,3
6108.0,1982-06-04,3
6878.0,1982-06-11,3
7774.0,1982-06-18,3
8696.0,1982-06-25,3
9431.0,1982-07-02,3
10122.0,1982-07-09,3
10616.0,1982-07-16,3
11114.0,1982-07-23,3
11726.0,1982-07-30,3
12402.0,1982-08-06,3
12871.0,1982-08-13,3
13390.0,1982-08-20,3
13874.0,1982-08-27,3
14199.0,1982-09-03,3
14617.0,1982-09-10,3
15056.0,1982-09-17,3
15465.0,1982-09-24,3
15778.0,1982-10-01,3
16037.0,1982-10-08,3
16181.0,1982-10-15,3
16255.0,1982-10-22,3
16331.0,1982-10-29,3
192.0,1982-04-16,4
384.0,1982-04-23,4
1167.0,1982-04-30,4
2311.0,1982-05-07,4
3155.0,1982-05-14,4
3899.0,1982-05-21,4
4478.0,1982-05-28,4
5022.0,1982-06-04,4
5800.0,1982-06-11,4
6371.0,1982-06-18,4
7202.0,1982-06-25,4
7959.0,1982-07-02,4
8654.0,1982-07-09,4
9292.0,1982-07-16,4
9775.0,1982-07-23,4
10304.0,1982-07-30,4
10857.0,1982-08-06,4
11344.0,1982-08-13,4
11742.0,1982-08-20,4
13334.0,1982-09-17,4
13630.0,1982-09-24,4
13973.0,1982-10-01,4
14267.0,1982-10-08,4
14437.0,1982-10-15,4
14497.0,1982-10-22,4
48.0,1983-03-19,5
154.0,1983-03-26,5
205.0,1983-04-02,5
341.0,1983-04-09,5
443.0,1983-04-16,5
685.0,1983-04-23,5
1146.0,1983-04-30,5
1953.0,1983-05-07,5
2821.0,1983-05-14,5
3658.0,1983-05-21,5
4390.0,1983-05-28,5
4928.0,1983-06-04,5
5335.0,1983-06-11,5
5873.0,1983-06-18,5
6418.0,1983-06-25,5
7173.0,1983-07-02,5
7837.0,1983-07-09,5
8385.0,1983-07-16,5
8851.0,1983-07-23,5
9132.0,1983-07-30,5
9345.0,1983-08-06,5
9555.0,1983-08-13,5
9946.0,1983-08-20,5
10423.0,1983-08-27,5
10975.0,1983-09-03,5
11569.0,1983-09-10,5
12083.0,1983-09-17,5
12504.0,1983-09-24,5
12978.0,1983-10-01,5
13368.0,1983-10-08,5
13691.0,1983-10-15,5
13940.0,1983-10-22,5
14146.0,1983-10-29,5
14268.0,1983-11-05,5
14325.0,1983-11-12,5
14377.0,1983-11-19,5
14407.0,1983-11-26,5
14432.0,1983-12-03,5
72.0,1983-03-19,6
219.0,1983-03-26,6
331.0,1983-04-02,6
516.0,1983-04-09,6
654.0,1983-04-16,6
940.0,1983-04-23,6
1525.0,1983-04-30,6
2314.0,1983-05-07,6
3255.0,1983-05-14,6
4125.0,1983-05-21,6
4817.0,1983-05-28,6
5406.0,1983-06-04,6
5817.0,1983-06-11,6
6287.0,1983-06-18,6
6971.0,1983-06-25,6
7721.0,1983-07-02,6
8151.0,1983-07-09,6
8646.0,1983-07-16,6
9048.0,1983-07-23,6
9219.0,1983-07-30,6
9278.0,1983-08-06,6
9294.0,1983-08-13,6
9313.0,1983-09-03,6
9372.0,1983-09-10,6
9522.0,1983-09-17,6
9725.0,1983-09-24,6
10127.0,1983-10-01,6
10525.0,1983-10-08,6
10899.0,1983-10-15,6
11195.0,1983-10-22,6
11444.0,1983-10-29,6
11631.0,1983-11-05,6
11748.0,1983-11-12,6
11789.0,1983-11-19,6
11847.0,1983-11-26,6
11868.0,1983-12-03,6
54.0,1984-04-08,7
295.0,1984-04-15,7
803.0,1984-04-22,7
1653.0,1984-04-29,7
2803.0,1984-05-06,7
4200.0,1984-05-13,7
5446.0,1984-05-20,7
6468.0,1984-05-27,7
7166.0,1984-06-03,7
7513.0,1984-06-10,7
8096.0,1984-06-17,7
8728.0,1984-06-24,7
9579.0,1984-07-01,7
10349.0,1984-07-08,7
11188.0,1984-07-15,7
11889.0,1984-07-22,7
12329.0,1984-07-29,7
12620.0,1984-08-05,7
13081.0,1984-08-12,7
13588.0,1984-08-19,7
14216.0,1984-08-26,7
14865.0,1984-09-02,7
15463.0,1984-09-09,7
16018.0,1984-09-16,7
16499.0,1984-09-23,7
16885.0,1984-09-30,7
17261.0,1984-10-07,7
17664.0,1984-10-14,7
17969.0,1984-10-21,7
18223.0,1984-10-28,7
18399.0,1984-11-04,7
18575.0,1984-11-11,7
18705.0,1984-11-18,7
18781.0,1984-11-25,7
18843.0,1984-12-02,7
18879.0,1984-12-09,7
18898.0,1984-12-16,7
18910.0,1984-12-23,7
54.0,1984-04-08,8
275.0,1984-04-15,8
730.0,1984-04-22,8
1549.0,1984-04-29,8
2633.0,1984-05-06,8
3941.0,1984-05-13,8
5176.0,1984-05-20,8
6183.0,1984-05-27,8
6945.0,1984-06-03,8
7458.0,1984-06-10,8
7955.0,1984-06-17,8
8508.0,1984-06-24,8
9073.0,1984-07-01,8
9439.0,1984-07-08,8
9594.0,1984-07-15,8
9733.0,1984-07-22,8
9789.0,1984-07-29,8
9793.0,1984-09-16,8
9818.0,1984-09-23,8
9884.0,1984-09-30,8
10120.0,1984-10-07,8
10469.0,1984-10-14,8
10826.0,1984-10-21,8
11081.0,1984-10-28,8
11263.0,1984-11-04,8
11444.0,1984-11-11,8
11580.0,1984-11-18,8
11716.0,1984-11-25,8
11784.0,1984-12-02,8
11824.0,1984-12-09,8
11849.0,1984-12-16,8
11875.0,1984-12-23,8
5.0,1985-04-02,9
102.0,1985-04-09,9
334.0,1985-04-16,9
807.0,1985-04-23,9
1553.0,1985-04-30,9
2267.0,1985-05-07,9
3253.0,1985-05-14,9
4010.0,1985-05-21,9
4961.0,1985-05-28,9
5813.0,1985-06-04,9
6505.0,1985-06-11,9
7040.0,1985-06-18,9
7567.0,1985-06-25,9
8056.0,1985-07-02,9
8550.0,1985-07-09,9
9068.0,1985-07-16,9
9635.0,1985-07-23,9
10186.0,1985-07-30,9
10713.0,1985-08-06,9
11272.0,1985-08-13,9
11700.0,1985-08-20,9
12176.0,1985-08-27,9
12606.0,1985-09-03,9
13017.0,1985-09-10,9
13298.0,1985-09-17,9
13592.0,1985-09-24,9
13979.0,1985-10-01,9
14414.0,1985-10-08,9
14744.0,1985-10-15,9
15004.0,1985-10-22,9
15207.0,1985-10-29,9
15255.0,1985-11-05,9
15295.0,1985-11-12,9
15307.0,1985-11-19,9
98.0,1985-04-09,10
309.0,1985-04-16,10
799.0,1985-04-23,10
1549.0,1985-04-30,10
2305.0,1985-05-07,10
3148.0,1985-05-14,10
3836.0,1985-05-21,10
4756.0,1985-05-28,10
5517.0,1985-06-04,10
6184.0,1985-06-11,10
6677.0,1985-06-18,10
7123.0,1985-06-25,10
7541.0,1985-07-02,10
8027.0,1985-07-09,10
8563.0,1985-07-16,10
9140.0,1985-07-23,10
9602.0,1985-07-30,10
10032.0,1985-08-06,10
10320.0,1985-08-13,10
10550.0,1985-08-20,10
10760.0,1985-08-27,10
10914.0,1985-09-03,10
11064.0,1985-09-10,10
11185.0,1985-09-17,10
11290.0,1985-09-24,10
11331.0,1985-10-01,10
40.0,1983-03-26,11
59.0,1983-04-02,11
77.0,1983-04-09,11
100.0,1983-04-16,11
110.0,1983-04-23,11
172.0,1983-04-30,11
316.0,1983-05-07,11
630.0,1983-05-14,11
1066.0,1983-05-21,11
1871.0,1983-05-28,11
2721.0,1983-06-04,11
3422.0,1983-06-11,11
4161.0,1983-06-18,11
4786.0,1983-06-25,11
5493.0,1983-07-02,11
6502.0,1983-07-09,11
7338.0,1983-07-16,11
8224.0,1983-07-23,11
8999.0,1983-07-30,11
9422.0,1983-08-06,11
9712.0,1983-08-13,11
9965.0,1983-08-20,11
10192.0,1983-08-27,11
10343.0,1983-09-03,11
10441.0,1983-09-10,11
10515.0,1983-09-17,11
10650.0,1983-09-24,11
10821.0,1983-10-01,11
10905.0,1983-10-08,11
11051.0,1983-10-15,11
11082.0,1983-10-22,11
11141.0,1983-10-29,11
11184.0,1983-11-05,11
43.0,1984-04-01,12
94.0,1984-04-08,12
157.0,1984-04-15,12
317.0,1984-04-22,12
503.0,1984-04-29,12
1014.0,1984-05-06,12
1760.0,1984-05-13,12
2829.0,1984-05-20,12
3923.0,1984-05-27,12
4758.0,1984-06-03,12
5332.0,1984-06-10,12
5834.0,1984-06-17,12
6389.0,1984-06-24,12
7064.0,1984-07-01,12
7798.0,1984-07-08,12
8354.0,1984-07-15,12
8688.0,1984-07-22,12
8993.0,1984-07-29,12
9303.0,1984-08-05,12
9750.0,1984-08-12,12
10299.0,1984-08-19,12
10747.0,1984-08-26,12
11120.0,1984-09-02,12
11350.0,1984-09-09,12
11523.0,1984-09-16,12
11671.0,1984-09-23,12
11885.0,1984-09-30,12
11973.0,1984-10-07,12
12078.0,1984-10-14,12
12140.0,1984-10-21,12
12226.0,1984-10-28,12
12257.0,1984-11-04,12
61.0,1985-04-09,13
154.0,1985-04-16,13
317.0,1985-04-23,13
545.0,1985-04-30,13
993.0,1985-05-07,13
1493.0,1985-05-14,13
2414.0,1985-05-21,13
3386.0,1985-05-28,13
4740.0,1985-06-04,13
6281.0,1985-06-11,13
7220.0,1985-06-18,13
8028.0,1985-06-25,13
8808.0,1985-07-02,13
9592.0,1985-07-09,13
10672.0,1985-07-16,13
11615.0,1985-07-23,13
12468.0,1985-07-30,13
13165.0,1985-08-06,13
13705.0,1985-08-13,13
14167.0,1985-08-20,13
14575.0,1985-08-27,13
15146.0,1985-09-03,13
15561.0,1985-09-10,13
15951.0,1985-09-17,13
16223.0,1985-09-24,13
16442.0,1985-10-01,13
16617.0,1985-10-08,13
16754.0,1985-10-15,13
16879.0,1985-10-22,13
16946.0,1985-10-29,13
36.0,1986-04-30,14
208.0,1986-05-07,14
587.0,1986-05-14,14
1312.0,1986-05-21,14
2503.0,1986-05-28,14
3689.0,1986-06-04,14
4767.0,1986-06-11,14
5813.0,1986-06-18,14
6604.0,1986-06-25,14
7433.0,1986-07-02,14
8532.0,1986-07-09,14
9403.0,1986-07-16,14
10429.0,1986-07-23,14
11254.0,1986-07-30,14
11836.0,1986-08-06,14
12375.0,1986-08-13,14
12861.0,1986-08-20,14
13339.0,1986-08-27,14
13724.0,1986-09-03,14
14095.0,1986-09-10,14
14349.0,1986-09-17,14
14562.0,1986-09-24,14
14715.0,1986-10-01,14
14817.0,1986-10-08,14
14901.0,1986-10-15,14
14973.0,1986-10-22,14
15009.0,1986-10-29,14
91.0,1983-04-23,15
161.0,1983-04-30,15
378.0,1983-05-07,15
698.0,1983-05-14,15
1113.0,1983-05-21,15
1663.0,1983-05-28,15
2169.0,1983-06-04,15
2601.0,1983-06-11,15
3476.0,1983-06-18,15
4086.0,1983-06-25,15
4581.0,1983-07-02,15
4876.0,1983-07-09,15
5181.0,1983-07-16,15
5574.0,1983-07-23,15
5809.0,1983-07-30,15
5901.0,1983-08-06,15
5974.0,1983-08-13,15
6084.0,1983-08-20,15
6324.0,1983-08-27,15
6761.0,1983-09-03,15
7271.0,1983-09-10,15
7694.0,1983-09-17,15
8411.0,1983-09-24,15
8788.0,1983-10-01,15
9179.0,1983-10-08,15
9339.0,1983-10-15,15
9531.0,1983-10-22,15
9633.0,1983-10-29,15
145.0,1984-05-06,16
496.0,1984-05-13,16
1021.0,1984-05-20,16
1579.0,1984-05-27,16
2315.0,1984-06-03,16
2918.0,1984-06-10,16
3239.0,1984-06-17,16
3533.0,1984-06-24,16
3994.0,1984-07-01,16
4423.0,1984-07-08,16
5180.0,1984-07-15,16
5645.0,1984-07-22,16
6218.0,1984-07-29,16
6370.0,1984-08-05,16
6595.0,1984-08-12,16
6775.0,1984-08-19,16
6970.0,1984-08-26,16
7123.0,1984-09-02,16
7448.0,1984-09-09,16
7906.0,1984-09-16,16
8153.0,1984-09-23,16
8329.0,1984-09-30,16
8559.0,1984-10-07,16
8791.0,1984-10-14,16
8899.0,1984-10-21,16
9081.0,1984-10-28,16
9173.0,1984-11-04,16
9351.0,1984-11-11,16
51.0,1985-04-23,17
208.0,1985-04-30,17
480.0,1985-05-07,17
880.0,1985-05-14,17
1303.0,1985-05-21,17
1935.0,1985-05-28,17
2601.0,1985-06-04,17
3448.0,1985-06-11,17
4545.0,1985-06-18,17
5033.0,1985-06-25,17
5348.0,1985-07-02,17
5710.0,1985-07-09,17
6010.0,1985-07-16,17
6398.0,1985-07-23,17
6963.0,1985-07-30,17
7138.0,1985-08-06,17
7253.0,1985-08-13,17
7398.0,1985-08-20,17
7483.0,1985-08-27,17
7603.0,1985-10-22,17
7669.0,1985-10-29,17
7730.0,1985-11-05,17
7745.0,1985-11-12,17
21.0,1986-04-30,18
107.0,1986-05-07,18
319.0,1986-05-14,18
1025.0,1986-05-21,18
1881.0,1986-05-28,18
2863.0,1986-06-04,18
3648.0,1986-06-11,18
3873.0,1986-06-18,18
4178.0,1986-06-25,18
4544.0,1986-07-02,18
4881.0,1986-07-09,18
5221.0,1986-07-16,18
5593.0,1986-07-23,18
5724.0,1986-07-30,18
5777.0,1986-08-06,18
5827.0,1986-08-13,18
5890.0,1986-08-20,18
6034.0,1986-08-27,18
6212.0,1986-09-03,18
161.0,1984-03-04,19
304.0,1984-03-11,19
411.0,1984-03-18,19
444.0,1984-03-25,19
605.0,1984-04-08,19
758.0,1984-04-15,19
1119.0,1984-04-22,19
1711.0,1984-04-29,19
2776.0,1984-05-06,19
3950.0,1984-05-13,19
5019.0,1984-05-20,19
5707.0,1984-05-27,19
6123.0,1984-06-03,19
6561.0,1984-06-10,19
7065.0,1984-06-17,19
7487.0,1984-06-24,19
8146.0,1984-07-01,19
8704.0,1984-07-08,19
9160.0,1984-07-15,19
9739.0,1984-07-22,19
10018.0,1984-07-29,19
10449.0,1984-08-05,19
10857.0,1984-08-12,19
11151.0,1984-08-19,19
11414.0,1984-08-26,19
11822.0,1984-09-02,19
12226.0,1984-09-09,19
12536.0,1984-09-16,19
13013.0,1984-09-23,19
13390.0,1984-09-30,19
13691.0,1984-10-07,19
13901.0,1984-10-14,19
14120.0,1984-10-21,19
14345.0,1984-10-28,19
14676.0,1984-11-04,19
14912.0,1984-11-11,19
15062.0,1984-11-18,19
15185.0,1984-11-25,19
15273.0,1984-12-02,19
15352.0,1984-12-09,19
124.0,1984-03-04,20
231.0,1984-03-11,20
356.0,1984-03-18,20
394.0,1984-03-25,20
543.0,1984-04-08,20
699.0,1984-04-15,20
1177.0,1984-04-22,20
1988.0,1984-04-29,20
2969.0,1984-05-06,20
4108.0,1984-05-13,20
5175.0,1984-05-20,20
5772.0,1984-05-27,20
6150.0,1984-06-03,20
6593.0,1984-06-10,20
7038.0,1984-06-17,20
7569.0,1984-06-24,20
8189.0,1984-07-01,20
8625.0,1984-07-08,20
8958.0,1984-07-15,20
9296.0,1984-07-22,20
9412.0,1984-07-29,20
9523.0,1984-08-05,20
9609.0,1984-08-12,20
9631.0,1984-08-19,20
9638.0,1984-08-26,20
9720.0,1984-09-02,20
9874.0,1984-09-09,20
10067.0,1984-09-16,20
10399.0,1984-09-23,20
10684.0,1984-09-30,20
11023.0,1984-10-07,20
11344.0,1984-10-14,20
11615.0,1984-10-21,20
11879.0,1984-10-28,20
12179.0,1984-11-04,20
12412.0,1984-11-11,20
12595.0,1984-11-18,20
12775.0,1984-11-25,20
12893.0,1984-12-02,20
12972.0,1984-12-09,20
40.0,1985-03-05,21
66.0,1985-03-12,21
88.0,1985-03-19,21
123.0,1985-03-26,21
191.0,1985-04-02,21
343.0,1985-04-09,21
731.0,1985-04-16,21
1248.0,1985-04-23,21
1807.0,1985-04-30,21
2629.0,1985-05-07,21
3363.0,1985-05-14,21
4047.0,1985-05-21,21
4534.0,1985-05-28,21
5206.0,1985-06-04,21
5712.0,1985-06-11,21
6057.0,1985-06-18,21
6398.0,1985-06-25,21
6832.0,1985-07-02,21
7337.0,1985-07-09,21
7768.0,1985-07-16,21
8120.0,1985-07-23,21
8489.0,1985-07-30,21
8830.0,1985-08-06,21
9204.0,1985-08-13,21
9639.0,1985-08-20,21
10055.0,1985-08-27,21
10497.0,1985-09-03,21
10823.0,1985-09-10,21
11155.0,1985-09-17,21
11516.0,1985-09-24,21
11823.0,1985-10-01,21
12168.0,1985-10-08,21
12503.0,1985-10-15,21
12802.0,1985-10-22,21
13057.0,1985-10-29,21
13212.0,1985-11-05,21
13317.0,1985-11-12,21
30.0,1985-03-05,22
67.0,1985-03-12,22
80.0,1985-03-19,22
116.0,1985-03-26,22
178.0,1985-04-02,22
289.0,1985-04-09,22
762.0,1985-04-16,22
1326.0,1985-04-23,22
1954.0,1985-04-30,22
2624.0,1985-05-07,22
3269.0,1985-05-14,22
3842.0,1985-05-21,22
4492.0,1985-05-28,22
5214.0,1985-06-04,22
5759.0,1985-06-11,22
6071.0,1985-06-18,22
6383.0,1985-06-25,22
6646.0,1985-07-02,22
6830.0,1985-07-09,22
7052.0,1985-07-16,22
7129.0,1985-07-23,22
7192.0,1985-07-30,22
7300.0,1985-08-06,22
7520.0,1985-08-13,22
7814.0,1985-08-20,22
8098.0,1985-08-27,22
8343.0,1985-09-03,22
8547.0,1985-09-10,22
8688.0,1985-09-17,22
8801.0,1985-09-24,22
8842.0,1985-10-01,22
168.0,1983-04-09,23
366.0,1983-04-16,23
751.0,1983-04-23,23
1341.0,1983-04-30,23
1812.0,1983-05-07,23
2580.0,1983-05-14,23
3424.0,1983-05-21,23
4279.0,1983-05-28,23
5154.0,1983-06-04,23
5895.0,1983-06-11,23
6621.0,1983-06-18,23
7067.0,1983-06-25,23
7461.0,1983-07-02,23
7850.0,1983-07-09,23
8169.0,1983-07-16,23
8474.0,1983-07-23,23
8784.0,1983-07-30,23
9021.0,1983-08-06,23
9262.0,1983-08-13,23
9429.0,1983-08-20,23
9683.0,1983-08-27,23
9866.0,1983-09-03,23
9922.0,1983-09-10,23
9992.0,1983-09-17,23
10037.0,1983-09-24,23
10101.0,1983-10-01,23
10167.0,1983-10-08,23
10230.0,1983-10-15,23
105.0,1984-04-22,24
309.0,1984-04-29,24
572.0,1984-05-06,24
1309.0,1984-05-13,24
2230.0,1984-05-20,24
3281.0,1984-05-27,24
4386.0,1984-06-03,24
5114.0,1984-06-10,24
5726.0,1984-06-17,24
6222.0,1984-06-24,24
6718.0,1984-07-01,24
7138.0,1984-07-08,24
7675.0,1984-07-15,24
8237.0,1984-07-22,24
8814.0,1984-07-29,24
9432.0,1984-08-05,24
9954.0,1984-08-12,24
10386.0,1984-08-19,24
10772.0,1984-08-26,24
11051.0,1984-09-02,24
11255.0,1984-09-09,24
11436.0,1984-09-16,24
11614.0,1984-09-23,24
11955.0,1984-09-30,24
12163.0,1984-10-07,24
12342.0,1984-10-14,24
12549.0,1984-10-21,24
12759.0,1984-10-28,24
12931.0,1984-11-04,24
13061.0,1984-11-11,24
13147.0,1984-11-18,24
24.0,1985-04-16,25
72.0,1985-04-23,25
98.0,1985-04-30,25
170.0,1985-05-07,25
420.0,1985-05-14,25
1017.0,1985-05-21,25
1785.0,1985-05-28,25
2578.0,1985-06-04,25
3542.0,1985-06-11,25
4172.0,1985-06-18,25
4664.0,1985-06-25,25
5010.0,1985-07-02,25
5364.0,1985-07-09,25
5844.0,1985-07-16,25
6422.0,1985-07-23,25
6963.0,1985-07-30,25
7434.0,1985-08-06,25
7816.0,1985-08-13,25
8105.0,1985-08-20,25
8436.0,1985-08-27,25
8729.0,1985-09-03,25
8980.0,1985-09-10,25
9167.0,1985-09-17,25
9300.0,1985-09-24,25
9478.0,1985-10-01,25
9599.0,1985-10-08,25
9777.0,1985-10-15,25
9915.0,1985-10-22,25
9980.0,1985-10-29,25
71.0,1986-04-23,26
297.0,1986-04-30,26
888.0,1986-05-07,26
1752.0,1986-05-14,26
2820.0,1986-05-21,26
4059.0,1986-05-28,26
5053.0,1986-06-04,26
5750.0,1986-06-11,26
6284.0,1986-06-18,26
6788.0,1986-06-25,26
7365.0,1986-07-02,26
7953.0,1986-07-09,26
8375.0,1986-07-16,26
8729.0,1986-07-23,26
8945.0,1986-07-30,26
9235.0,1986-08-06,26
9422.0,1986-08-13,26
9642.0,1986-08-20,26
9866.0,1986-08-27,26
10098.0,1986-09-03,26
10433.0,1986-09-10,26
10858.0,1986-09-17,26
11186.0,1986-09-24,26
11502.0,1986-10-01,26
11807.0,1986-10-08,26
12085.0,1986-10-15,26
12331.0,1986-10-22,26
12526.0,1986-10-29,26
12651.0,1986-11-05,26
12764.0,1986-11-12,26
322.0,1983-04-23,27
677.0,1983-04-30,27
1081.0,1983-05-07,27
1617.0,1983-05-14,27
2277.0,1983-05-21,27
2888.0,1983-05-28,27
3443.0,1983-06-04,27
4089.0,1983-06-11,27
4371.0,1983-06-18,27
4681.0,1983-06-25,27
4909.0,1983-07-02,27
5151.0,1983-07-09,27
5955.0,1983-07-16,27
6627.0,1983-07-23,27
7351.0,1983-07-30,27
7879.0,1983-08-06,27
8329.0,1983-08-13,27
8640.0,1983-08-20,27
8928.0,1983-08-27,27
9179.0,1983-09-03,27
9364.0,1983-09-10,27
9449.0,1983-09-17,27
9569.0,1983-09-24,27
9637.0,1983-10-01,27
134.0,1986-04-23,28
602.0,1986-04-30,28
1496.0,1986-05-07,28
2769.0,1986-05-14,28
3967.0,1986-05-21,28
5025.0,1986-05-28,28
5646.0,1986-06-04,28
6205.0,1986-06-11,28
6789.0,1986-06-18,28
7234.0,1986-06-25,28
7930.0,1986-07-02,28
8629.0,1986-07-09,28
9177.0,1986-07-16,28
9610.0,1986-07-23,28
10133.0,1986-07-30,28
10599.0,1986-08-06,28
11030.0,1986-08-13,28
11386.0,1986-08-20,28
11736.0,1986-08-27,28
12081.0,1986-09-03,28
12301.0,1986-09-10,28
12467.0,1986-09-17,28
12552.0,1986-09-24,28
12646.0,1986-10-01,28
12719.0,1986-10-08,28
89.0,1986-04-23,29
341.0,1986-04-30,29
910.0,1986-05-07,29
1791.0,1986-05-14,29
2810.0,1986-05-21,29
3587.0,1986-05-28,29
4063.0,1986-06-04,29
4494.0,1986-06-11,29
4823.0,1986-06-18,29
5069.0,1986-06-25,29
5539.0,1986-07-02,29
5959.0,1986-07-09,29
6366.0,1986-07-16,29
6732.0,1986-07-23,29
7112.0,1986-07-30,29
7481.0,1986-08-06,29
7776.0,1986-08-13,29
8036.0,1986-08-20,29
8252.0,1986-08-27,29
8434.0,1986-09-03,29
8509.0,1986-09-10,29
8596.0,1986-09-17,29
22.0,1984-05-06,30
91.0,1984-05-13,30
261.0,1984-05-20,30
626.0,1984-05-27,30
1266.0,1984-06-03,30
2137.0,1984-06-10,30
3475.0,1984-06-17,30
4617.0,1984-06-24,30
5475.0,1984-07-01,30
6026.0,1984-07-08,30
6388.0,1984-07-15,30
6734.0,1984-07-22,30
7252.0,1984-07-29,30
7884.0,1984-08-05,30
8549.0,1984-08-12,30
9144.0,1984-08-19,30
9805.0,1984-08-26,30
10303.0,1984-09-02,30
10545.0,1984-09-09,30
10679.0,1984-09-16,30
10832.0,1984-09-23,30
11011.0,1984-09-30,30
11110.0,1984-10-07,30
11184.0,1984-10-14,30
11221.0,1984-10-21,30
31.0,1985-05-14,31
200.0,1985-05-21,31
626.0,1985-05-28,31
1482.0,1985-06-04,31
2475.0,1985-06-11,31
3307.0,1985-06-18,31
3999.0,1985-06-25,31
4708.0,1985-07-02,31
5491.0,1985-07-09,31
6258.0,1985-07-16,31
6855.0,1985-07-23,31
7531.0,1985-07-30,31
8075.0,1985-08-06,31
8648.0,1985-08-13,31
9355.0,1985-08-20,31
9744.0,1985-08-27,31
10221.0,1985-09-03,31
10558.0,1985-09-10,31
10733.0,1985-09-17,31
10870.0,1985-09-24,31
10937.0,1985-10-01,31
11005.0,1985-10-08,31
19.0,1984-04-01,32
66.0,1984-04-08,32
161.0,1984-04-15,32
326.0,1984-04-22,32
822.0,1984-04-29,32
1330.0,1984-05-06,32
1970.0,1984-05-13,32
2654.0,1984-05-20,32
3254.0,1984-05-27,32
4121.0,1984-06-03,32
4562.0,1984-06-10,32
4995.0,1984-06-17,32
5279.0,1984-06-24,32
5419.0,1984-07-01,32
5645.0,1984-07-08,32
5816.0,1984-07-15,32
6040.0,1984-07-22,32
6070.0,1984-07-29,32
6077.0,1984-08-05,32
6124.0,1984-08-12,32
6200.0,1984-08-19,32
6307.0,1984-08-26,32
6417.0,1984-09-02,32
6454.0,1984-09-09,32
6461.0,1984-09-16,32
6507.0,1984-09-30,32
6517.0,1984-10-07,32
109.0,1984-05-06,33
402.0,1984-05-13,33
675.0,1984-05-20,33
1118.0,1984-05-27,33
1871.0,1984-06-03,33
2673.0,1984-06-10,33
3911.0,1984-06-17,33
4961.0,1984-06-24,33
5591.0,1984-07-01,33
6206.0,1984-07-08,33
6917.0,1984-07-15,33
7515.0,1984-07-22,33
8171.0,1984-07-29,33
9063.0,1984-08-05,33
9813.0,1984-08-12,33
10654.0,1984-08-19,33
11269.0,1984-08-26,33
11690.0,1984-09-02,33
12030.0,1984-09-09,33
12171.0,1984-09-16,33
12471.0,1984-09-23,33
12709.0,1984-09-30,33
12848.0,1984-10-07,33
12935.0,1984-10-14,33
95.0,1984-05-06,34
370.0,1984-05-13,34
614.0,1984-05-20,34
1034.0,1984-05-27,34
1869.0,1984-06-03,34
2641.0,1984-06-10,34
3761.0,1984-06-17,34
4803.0,1984-06-24,34
5428.0,1984-07-01,34
6117.0,1984-07-08,34
6814.0,1984-07-15,34
7459.0,1984-07-22,34
8155.0,1984-07-29,34
8960.0,1984-08-05,34
9695.0,1984-08-12,34
10539.0,1984-08-19,34
11227.0,1984-08-26,34
11705.0,1984-09-02,34
12041.0,1984-09-09,34
12195.0,1984-09-16,34
12483.0,1984-09-23,34
12749.0,1984-09-30,34
12900.0,1984-10-07,34
12997.0,1984-10-14,34
97.0,1985-04-23,35
237.0,1985-04-30,35
445.0,1985-05-07,35
852.0,1985-05-14,35
1744.0,1985-05-21,35
3150.0,1985-05-28,35
4685.0,1985-06-04,35
5746.0,1985-06-11,35
6236.0,1985-06-18,35
6655.0,1985-06-25,35
7048.0,1985-07-02,35
7695.0,1985-07-09,35
8655.0,1985-07-16,35
9582.0,1985-07-23,35
10516.0,1985-07-30,35
11195.0,1985-08-06,35
11863.0,1985-08-13,35
12369.0,1985-08-20,35
12766.0,1985-08-27,35
84.0,1985-04-23,36
202.0,1985-04-30,36
423.0,1985-05-07,36
833.0,1985-05-14,36
1719.0,1985-05-21,36
3036.0,1985-05-28,36
4782.0,1985-06-04,36
5949.0,1985-06-11,36
6411.0,1985-06-18,36
6776.0,1985-06-25,36
7186.0,1985-07-02,36
7861.0,1985-07-09,36
8773.0,1985-07-16,36
9686.0,1985-07-23,36
10520.0,1985-07-30,36
11299.0,1985-08-06,36
11950.0,1985-08-13,36
12444.0,1985-08-20,36
12846.0,1985-08-27,36
61.0,1983-03-12,37
151.0,1983-03-19,37
280.0,1983-03-26,37
464.0,1983-04-02,37
559.0,1983-04-09,37
675.0,1983-04-16,37
810.0,1983-04-23,37
1047.0,1983-04-30,37
1439.0,1983-05-07,37
2136.0,1983-05-14,37
2948.0,1983-05-21,37
4004.0,1983-05-28,37
5000.0,1983-06-04,37
5682.0,1983-06-11,37
6371.0,1983-06-18,37
6963.0,1983-06-25,37
7679.0,1983-07-02,37
8376.0,1983-07-09,37
9084.0,1983-07-16,37
9746.0,1983-07-23,37
10223.0,1983-07-30,37
10558.0,1983-08-06,37
10703.0,1983-08-13,37
10821.0,1983-08-20,37
10926.0,1983-08-27,37
10997.0,1983-09-03,37
11099.0,1983-09-10,37
11255.0,1983-09-17,37
11521.0,1983-09-24,37
11731.0,1983-10-01,37
11986.0,1983-10-08,37
12287.0,1983-10-15,37
12546.0,1983-10-22,37
12760.0,1983-10-29,37
12876.0,1983-11-05,37
12963.0,1983-11-12,37
7.0,1983-03-12,38
43.0,1983-03-19,38
81.0,1983-03-26,38
126.0,1983-04-02,38
161.0,1983-04-09,38
220.0,1983-04-16,38
310.0,1983-04-23,38
485.0,1983-04-30,38
805.0,1983-05-07,38
1449.0,1983-05-14,38
2190.0,1983-05-21,38
3059.0,1983-05-28,38
3934.0,1983-06-04,38
4475.0,1983-06-11,38
5034.0,1983-06-18,38
5502.0,1983-06-25,38
6029.0,1983-07-02,38
6655.0,1983-07-09,38
7331.0,1983-07-16,38
8041.0,1983-07-23,38
8655.0,1983-07-30,38
9122.0,1983-08-06,38
9394.0,1983-08-13,38
9570.0,1983-08-20,38
9731.0,1983-08-27,38
9824.0,1983-09-03,38
10044.0,1983-09-10,38
10228.0,1983-09-17,38
10446.0,1983-09-24,38
10633.0,1983-10-01,38
10893.0,1983-10-08,38
11115.0,1983-10-15,38
11381.0,1983-10-22,38
11585.0,1983-10-29,38
11700.0,1983-11-05,38
11782.0,1983-11-12,38
32.0,1984-03-11,39
69.0,1984-03-18,39
105.0,1984-03-25,39
116.0,1984-04-01,39
127.0,1984-04-08,39
164.0,1984-04-15,39
269.0,1984-04-22,39
457.0,1984-04-29,39
929.0,1984-05-06,39
1700.0,1984-05-13,39
2651.0,1984-05-20,39
3739.0,1984-05-27,39
4329.0,1984-06-03,39
4754.0,1984-06-10,39
5089.0,1984-06-17,39
5413.0,1984-06-24,39
5900.0,1984-07-01,39
6223.0,1984-07-08,39
6425.0,1984-07-15,39
6528.0,1984-07-22,39
6565.0,1984-07-29,39
6600.0,1984-08-05,39
6707.0,1984-08-12,39
6941.0,1984-08-19,39
7139.0,1984-08-26,39
7297.0,1984-09-02,39
7438.0,1984-09-09,39
7568.0,1984-09-16,39
7808.0,1984-09-23,39
8196.0,1984-09-30,39
8615.0,1984-10-07,39
8986.0,1984-10-14,39
9161.0,1984-10-21,39
9410.0,1984-10-28,39
9571.0,1984-11-04,39
9729.0,1984-11-11,39
9833.0,1984-11-18,39
42.0,1985-03-12,40
88.0,1985-03-19,40
147.0,1985-03-26,40
210.0,1985-04-02,40
292.0,1985-04-09,40
486.0,1985-04-16,40
891.0,1985-04-23,40
1393.0,1985-04-30,40
1975.0,1985-05-07,40
2658.0,1985-05-14,40
3253.0,1985-05-21,40
4058.0,1985-05-28,40
4998.0,1985-06-04,40
5779.0,1985-06-11,40
6444.0,1985-06-18,40
6873.0,1985-06-25,40
7355.0,1985-07-02,40
7870.0,1985-07-09,40
8463.0,1985-07-16,40
8972.0,1985-07-23,40
9534.0,1985-07-30,40
10128.0,1985-08-06,40
10637.0,1985-08-13,40
11076.0,1985-08-20,40
11415.0,1985-08-27,40
11773.0,1985-09-03,40
12133.0,1985-09-10,40
12424.0,1985-09-17,40
12739.0,1985-09-24,40
13025.0,1985-10-01,40
13332.0,1985-10-08,40
13578.0,1985-10-15,40
13790.0,1985-10-22,40
13944.0,1985-10-29,40
14046.0,1985-11-05,40
14159.0,1985-11-12,40
4.0,1985-03-12,41
14.0,1985-03-19,41
27.0,1985-03-26,41
38.0,1985-04-02,41
48.0,1985-04-09,41
101.0,1985-04-16,41
232.0,1985-04-23,41
443.0,1985-04-30,41
761.0,1985-05-07,41
1236.0,1985-05-14,41
1808.0,1985-05-21,41
2535.0,1985-05-28,41
3458.0,1985-06-04,41
4267.0,1985-06-11,41
4869.0,1985-06-18,41
5296.0,1985-06-25,41
5780.0,1985-07-02,41
6213.0,1985-07-09,41
6687.0,1985-07-16,41
7262.0,1985-07-23,41
7821.0,1985-07-30,41
8412.0,1985-08-06,41
8832.0,1985-08-13,41
9221.0,1985-08-20,41
9403.0,1985-08-27,41
9700.0,1985-09-03,41
10096.0,1985-09-10,41
10317.0,1985-09-17,41
10531.0,1985-09-24,41
10795.0,1985-10-01,41
11015.0,1985-10-08,41
11157.0,1985-10-15,41
11326.0,1985-10-22,41
11438.0,1985-10-29,41
11502.0,1985-11-05,41
11600.0,1985-11-12,41
87.0,1986-03-12,42
176.0,1986-03-19,42
253.0,1986-03-26,42
336.0,1986-04-02,42
359.0,1986-04-09,42
383.0,1986-04-16,42
422.0,1986-04-23,42
545.0,1986-04-30,42
805.0,1986-05-07,42
1293.0,1986-05-14,42
1945.0,1986-05-21,42
2722.0,1986-05-28,42
3564.0,1986-06-04,42
4283.0,1986-06-11,42
4843.0,1986-06-18,42
5322.0,1986-06-25,42
5865.0,1986-07-02,42
6498.0,1986-07-09,42
7018.0,1986-07-16,42
7630.0,1986-07-23,42
8000.0,1986-07-30,42
8396.0,1986-08-06,42
8920.0,1986-08-13,42
9340.0,1986-08-20,42
9796.0,1986-08-27,42
10180.0,1986-09-03,42
10516.0,1986-09-10,42
10808.0,1986-09-17,42
11028.0,1986-09-24,42
11245.0,1986-10-01,42
11467.0,1986-10-08,42
11711.0,1986-10-15,42
11928.0,1986-10-22,42
12094.0,1986-10-29,42
12209.0,1986-11-05,42
12299.0,1986-11-12,42
106.0,1983-01-08,43
168.0,1983-01-15,43
198.0,1983-01-22,43
217.0,1983-01-29,43
258.0,1983-02-05,43
346.0,1983-02-12,43
436.0,1983-02-19,43
534.0,1983-02-26,43
750.0,1983-03-05,43
1121.0,1983-03-12,43
1768.0,1983-03-19,43
2548.0,1983-03-26,43
3156.0,1983-04-02,43
3744.0,1983-04-09,43
4249.0,1983-04-16,43
4662.0,1983-04-23,43
5055.0,1983-04-30,43
5587.0,1983-05-07,43
6049.0,1983-05-14,43
6049.0,1983-05-21,43
6048.0,1983-05-28,43
6048.0,1983-06-04,43
6518.0,1983-06-11,43
7203.0,1983-06-18,43
7896.0,1983-06-25,43
8698.0,1983-07-02,43
9139.0,1983-07-09,43
9428.0,1983-07-16,43
9775.0,1983-07-23,43
10234.0,1983-07-30,43
10708.0,1983-08-06,43
11174.0,1983-08-13,43
11760.0,1983-08-20,43
12314.0,1983-08-27,43
12834.0,1983-09-03,43
13364.0,1983-09-10,43
13857.0,1983-09-17,43
14281.0,1983-09-24,43
14761.0,1983-10-01,43
15059.0,1983-10-08,43
15400.0,1983-10-15,43
15739.0,1983-10-22,43
16098.0,1983-10-29,43
16357.0,1983-11-05,43
16555.0,1983-11-12,43
16768.0,1983-11-19,43
16983.0,1983-11-26,43
17155.0,1983-12-03,43
17351.0,1983-12-10,43
17460.0,1983-12-17,43
17530.0,1983-12-24,43
17569.0,1983-12-31,43
72.0,1983-01-08,44
146.0,1983-01-15,44
203.0,1983-01-22,44
239.0,1983-01-29,44
292.0,1983-02-05,44
389.0,1983-02-12,44
495.0,1983-02-19,44
590.0,1983-02-26,44
800.0,1983-03-05,44
1125.0,1983-03-12,44
1741.0,1983-03-19,44
2492.0,1983-03-26,44
3083.0,1983-04-02,44
3653.0,1983-04-09,44
4104.0,1983-04-16,44
4496.0,1983-04-23,44
4850.0,1983-04-30,44
5375.0,1983-05-07,44
5809.0,1983-05-14,44
5808.0,1983-05-21,44
5808.0,1983-05-28,44
5808.0,1983-06-04,44
6226.0,1983-06-11,44
6773.0,1983-06-18,44
7419.0,1983-06-25,44
8030.0,1983-07-02,44
8370.0,1983-07-09,44
8599.0,1983-07-16,44
8745.0,1983-07-23,44
8953.0,1983-07-30,44
9216.0,1983-08-06,44
9600.0,1983-08-13,44
10092.0,1983-08-20,44
10495.0,1983-08-27,44
10908.0,1983-09-03,44
11303.0,1983-09-10,44
11703.0,1983-09-17,44
11997.0,1983-09-24,44
12198.0,1983-10-01,44
12275.0,1983-10-08,44
12368.0,1983-10-15,44
12432.0,1983-10-22,44
12530.0,1983-10-29,44
12639.0,1983-11-05,44
12813.0,1983-11-12,44
13008.0,1983-11-19,44
13177.0,1983-11-26,44
13438.0,1983-12-03,44
13680.0,1983-12-10,44
13840.0,1983-12-17,44
13944.0,1983-12-24,44
14007.0,1983-12-31,44
73.0,1984-01-08,45
147.0,1984-01-15,45
226.0,1984-01-22,45
271.0,1984-01-29,45
295.0,1984-02-05,45
322.0,1984-02-12,45
375.0,1984-02-19,45
453.0,1984-02-26,45
537.0,1984-03-04,45
623.0,1984-03-11,45
687.0,1984-03-18,45
810.0,1984-03-25,45
970.0,1984-04-01,45
1489.0,1984-04-08,45
2087.0,1984-04-15,45
2694.0,1984-04-22,45
3622.0,1984-04-29,45
4672.0,1984-05-06,45
5557.0,1984-05-13,45
6286.0,1984-05-20,45
6683.0,1984-05-27,45
7037.0,1984-06-03,45
7313.0,1984-06-10,45
7666.0,1984-06-17,45
8247.0,1984-06-24,45
8997.0,1984-07-01,45
9492.0,1984-07-08,45
9965.0,1984-07-15,45
10365.0,1984-07-22,45
10734.0,1984-07-29,45
11123.0,1984-08-05,45
11433.0,1984-08-12,45
11684.0,1984-08-19,45
11932.0,1984-08-26,45
12179.0,1984-09-02,45
12513.0,1984-09-09,45
12846.0,1984-09-16,45
13177.0,1984-09-23,45
13437.0,1984-09-30,45
13808.0,1984-10-07,45
14137.0,1984-10-14,45
14495.0,1984-10-21,45
14838.0,1984-10-28,45
15212.0,1984-11-04,45
15563.0,1984-11-11,45
15822.0,1984-11-18,45
16001.0,1984-11-25,45
16151.0,1984-12-02,45
16231.0,1984-12-09,45
16333.0,1984-12-16,45
16420.0,1984-12-23,45
16456.0,1984-12-30,45
101.0,1984-01-08,46
199.0,1984-01-15,46
277.0,1984-01-22,46
320.0,1984-01-29,46
357.0,1984-02-05,46
378.0,1984-02-12,46
432.0,1984-02-19,46
495.0,1984-02-26,46
587.0,1984-03-04,46
657.0,1984-03-11,46
724.0,1984-03-18,46
828.0,1984-03-25,46
984.0,1984-04-01,46
1426.0,1984-04-08,46
2019.0,1984-04-15,46
2608.0,1984-04-22,46
3568.0,1984-04-29,46
4703.0,1984-05-06,46
5651.0,1984-05-13,46
6309.0,1984-05-20,46
6646.0,1984-05-27,46
6964.0,1984-06-03,46
7286.0,1984-06-10,46
7602.0,1984-06-17,46
8046.0,1984-06-24,46
8501.0,1984-07-01,46
9006.0,1984-07-08,46
9278.0,1984-07-15,46
9531.0,1984-07-22,46
9676.0,1984-07-29,46
9765.0,1984-08-05,46
9814.0,1984-08-12,46
9859.0,1984-08-19,46
9865.0,1984-08-26,46
9903.0,1984-09-02,46
9959.0,1984-09-09,46
10042.0,1984-09-16,46
10107.0,1984-09-23,46
10164.0,1984-09-30,46
10222.0,1984-10-07,46
10396.0,1984-10-14,46
10759.0,1984-10-21,46
11148.0,1984-10-28,46
11655.0,1984-11-04,46
12195.0,1984-11-11,46
12657.0,1984-11-18,46
12903.0,1984-11-25,46
13095.0,1984-12-02,46
13224.0,1984-12-09,46
13356.0,1984-12-16,46
13445.0,1984-12-23,46
13499.0,1984-12-30,46
63.0,1985-01-08,47
87.0,1985-01-15,47
98.0,1985-01-22,47
104.0,1985-01-29,47
114.0,1985-02-05,47
151.0,1985-02-12,47
195.0,1985-02-19,47
257.0,1985-02-26,47
469.0,1985-03-05,47
719.0,1985-03-12,47
984.0,1985-03-19,47
1420.0,1985-03-26,47
1865.0,1985-04-02,47
2434.0,1985-04-09,47
2984.0,1985-04-16,47
3765.0,1985-04-23,47
4567.0,1985-04-30,47
5224.0,1985-05-07,47
5813.0,1985-05-14,47
6242.0,1985-05-21,47
6595.0,1985-05-28,47
6996.0,1985-06-04,47
7454.0,1985-06-11,47
7955.0,1985-06-18,47
8329.0,1985-06-25,47
8942.0,1985-07-02,47
9323.0,1985-07-09,47
9737.0,1985-07-16,47
10075.0,1985-07-23,47
10409.0,1985-07-30,47
10749.0,1985-08-06,47
11181.0,1985-08-13,47
11456.0,1985-08-20,47
11717.0,1985-08-27,47
11986.0,1985-09-03,47
12197.0,1985-09-10,47
12381.0,1985-09-17,47
12594.0,1985-09-24,47
12825.0,1985-10-01,47
13096.0,1985-10-08,47
13415.0,1985-10-15,47
13731.0,1985-10-22,47
14064.0,1985-10-29,47
14309.0,1985-11-05,47
14495.0,1985-11-12,47
14653.0,1985-11-19,47
14729.0,1985-11-26,47
14795.0,1985-12-03,47
14821.0,1985-12-10,47
14869.0,1985-12-17,47
14890.0,1985-12-24,47
76.0,1985-01-08,48
108.0,1985-01-15,48
117.0,1985-01-22,48
123.0,1985-01-29,48
131.0,1985-02-05,48
173.0,1985-02-12,48
235.0,1985-02-19,48
300.0,1985-02-26,48
489.0,1985-03-05,48
747.0,1985-03-12,48
1002.0,1985-03-19,48
1446.0,1985-03-26,48
1835.0,1985-04-02,48
2401.0,1985-04-09,48
2994.0,1985-04-16,48
3733.0,1985-04-23,48
4606.0,1985-04-30,48
5256.0,1985-05-07,48
5924.0,1985-05-14,48
6306.0,1985-05-21,48
6707.0,1985-05-28,48
7109.0,1985-06-04,48
7621.0,1985-06-11,48
8110.0,1985-06-18,48
8548.0,1985-06-25,48
8960.0,1985-07-02,48
9251.0,1985-07-09,48
9539.0,1985-07-16,48
9766.0,1985-07-23,48
9904.0,1985-07-30,48
10010.0,1985-08-06,48
10158.0,1985-08-13,48
10312.0,1985-08-20,48
10458.0,1985-08-27,48
10619.0,1985-09-03,48
10686.0,1985-09-10,48
10727.0,1985-09-17,48
10741.0,1985-09-24,48
10756.0,1985-10-01,48
10787.0,1985-10-08,48
10883.0,1985-10-15,48
11048.0,1985-10-22,48
11304.0,1985-10-29,48
11443.0,1985-11-05,48
11565.0,1985-11-12,48
11704.0,1985-11-19,48
11794.0,1985-11-26,48
11918.0,1985-12-03,48
11941.0,1985-12-10,48
12009.0,1985-12-17,48
12036.0,1985-12-24,48
215.0,1984-05-13,49
567.0,1984-05-20,49
1170.0,1984-05-27,49
2207.0,1984-06-03,49
3086.0,1984-06-10,49
3861.0,1984-06-17,49
4517.0,1984-06-24,49
5117.0,1984-07-01,49
5710.0,1984-07-08,49
6405.0,1984-07-15,49
7004.0,1984-07-22,49
7670.0,1984-07-29,49
8528.0,1984-08-05,49
9260.0,1984-08-12,49
10028.0,1984-08-19,49
10630.0,1984-08-26,49
11123.0,1984-09-02,49
11527.0,1984-09-09,49
11836.0,1984-09-16,49
12260.0,1984-09-23,49
12712.0,1984-09-30,49
12983.0,1984-10-07,49
13361.0,1984-10-14,49
13774.0,1984-10-21,49
14062.0,1984-10-28,49
14325.0,1984-11-04,49
14483.0,1984-11-11,49
48.0,1985-04-16,50
148.0,1985-04-23,50
401.0,1985-04-30,50
856.0,1985-05-07,50
1547.0,1985-05-14,50
2807.0,1985-05-21,50
4428.0,1985-05-28,50
6208.0,1985-06-04,50
7894.0,1985-06-11,50
9021.0,1985-06-18,50
9890.0,1985-06-25,50
10570.0,1985-07-02,50
11399.0,1985-07-09,50
12074.0,1985-07-16,50
12585.0,1985-07-23,50
13224.0,1985-07-30,50
13905.0,1985-08-06,50
14573.0,1985-08-13,50
15232.0,1985-08-20,50
15761.0,1985-08-27,50
16329.0,1985-09-03,50
16765.0,1985-09-10,50
17176.0,1985-09-17,50
17687.0,1985-09-24,50
18062.0,1985-10-01,50
18493.0,1985-10-08,50
18899.0,1985-10-15,50
19166.0,1985-10-22,50
19449.0,1985-10-29,50
19595.0,1985-11-05,50
19703.0,1985-11-12,50
173.0,1983-04-02,51
404.0,1983-04-09,51
776.0,1983-04-16,51
1408.0,1983-04-23,51
2248.0,1983-04-30,51
3299.0,1983-05-07,51
4439.0,1983-05-14,51
5578.0,1983-05-21,51
6226.0,1983-05-28,51
6690.0,1983-06-04,51
7100.0,1983-06-11,51
7461.0,1983-06-18,51
7895.0,1983-06-25,51
8578.0,1983-07-02,51
9335.0,1983-07-09,51
10003.0,1983-07-16,51
10799.0,1983-07-23,51
11473.0,1983-07-30,51
11829.0,1983-08-06,51
12143.0,1983-08-13,51
12186.0,1983-08-20,51
12537.0,1983-08-27,51
13042.0,1983-09-03,51
13686.0,1983-09-10,51
13981.0,1983-09-17,51
14424.0,1983-09-24,51
14701.0,1983-10-01,51
15072.0,1983-10-08,51
15346.0,1983-10-15,51
15768.0,1983-10-22,51
16054.0,1983-10-29,51
16194.0,1983-11-05,51
16332.0,1983-11-12,51
16387.0,1983-11-19,51
16441.0,1983-11-26,51
16460.0,1983-12-03,51
16484.0,1983-12-10,51
227.0,1983-04-02,52
400.0,1983-04-09,52
817.0,1983-04-16,52
1397.0,1983-04-23,52
2256.0,1983-04-30,52
3072.0,1983-05-07,52
4172.0,1983-05-14,52
5249.0,1983-05-21,52
5954.0,1983-05-28,52
6400.0,1983-06-04,52
6778.0,1983-06-11,52
7177.0,1983-06-18,52
7674.0,1983-06-25,52
8412.0,1983-07-02,52
9134.0,1983-07-09,52
9787.0,1983-07-16,52
10660.0,1983-07-23,52
11200.0,1983-07-30,52
11591.0,1983-08-06,52
11642.0,1983-08-13,52
11665.0,1983-08-20,52
11880.0,1983-08-27,52
12209.0,1983-09-03,52
12467.0,1983-09-10,52
12711.0,1983-09-17,52
13057.0,1983-09-24,52
13346.0,1983-10-01,52
13566.0,1983-10-08,52
13621.0,1983-10-15,52
13953.0,1983-10-22,52
14157.0,1983-10-29,52
14320.0,1983-11-19,52
14358.0,1983-11-26,52
14411.0,1983-12-03,52
140.0,1984-04-15,53
306.0,1984-04-22,53
767.0,1984-04-29,53
1720.0,1984-05-06,53
2456.0,1984-05-13,53
3443.0,1984-05-20,53
4420.0,1984-05-27,53
5191.0,1984-06-03,53
5912.0,1984-06-10,53
6565.0,1984-06-17,53
7296.0,1984-06-24,53
8190.0,1984-07-01,53
8958.0,1984-07-08,53
9763.0,1984-07-15,53
10318.0,1984-07-22,53
10624.0,1984-07-29,53
11006.0,1984-08-05,53
11301.0,1984-08-12,53
11556.0,1984-08-19,53
11905.0,1984-08-26,53
12247.0,1984-09-02,53
12566.0,1984-09-09,53
12979.0,1984-09-16,53
13399.0,1984-09-23,53
13707.0,1984-09-30,53
13959.0,1984-10-07,53
14228.0,1984-10-14,53
14477.0,1984-10-21,53
14612.0,1984-10-28,53
14698.0,1984-11-04,53
14776.0,1984-11-11,53
14908.0,1984-11-18,53
191.0,1984-04-15,54
415.0,1984-04-22,54
968.0,1984-04-29,54
1795.0,1984-05-06,54
2611.0,1984-05-13,54
3816.0,1984-05-20,54
4649.0,1984-05-27,54
5367.0,1984-06-03,54
6054.0,1984-06-10,54
6653.0,1984-06-17,54
7303.0,1984-06-24,54
8268.0,1984-07-01,54
8957.0,1984-07-08,54
9961.0,1984-07-15,54
10445.0,1984-07-22,54
10661.0,1984-07-29,54
10874.0,1984-08-05,54
11035.0,1984-08-12,54
11200.0,1984-08-19,54
11427.0,1984-08-26,54
11704.0,1984-09-02,54
11944.0,1984-09-09,54
12431.0,1984-09-16,54
12881.0,1984-09-23,54
13172.0,1984-09-30,54
13435.0,1984-10-07,54
13602.0,1984-10-14,54
13779.0,1984-10-21,54
13936.0,1984-10-28,54
14081.0,1984-11-04,54
14146.0,1984-11-11,54
14226.0,1984-11-18,54
14266.0,1984-11-25,54
14314.0,1984-12-02,54
132.0,1983-03-12,55
280.0,1983-03-19,55
446.0,1983-03-26,55
571.0,1983-04-02,55
618.0,1983-04-09,55
726.0,1983-04-16,55
986.0,1983-04-23,55
1497.0,1983-04-30,55
2138.0,1983-05-07,55
3005.0,1983-05-14,55
3880.0,1983-05-21,55
4752.0,1983-05-28,55
5326.0,1983-06-04,55
5907.0,1983-06-11,55
6583.0,1983-06-18,55
7234.0,1983-06-25,55
8026.0,1983-07-02,55
8766.0,1983-07-09,55
9694.0,1983-07-16,55
10349.0,1983-07-23,55
10948.0,1983-07-30,55
11449.0,1983-08-06,55
11899.0,1983-08-13,55
12405.0,1983-08-20,55
12792.0,1983-08-27,55
13124.0,1983-09-03,55
13372.0,1983-09-10,55
13737.0,1983-09-17,55
13997.0,1983-09-24,55
14274.0,1983-10-01,55
14676.0,1983-10-08,55
14902.0,1983-10-15,55
15150.0,1983-10-22,55
15314.0,1983-10-29,55
15425.0,1983-11-05,55
15488.0,1983-11-12,55
166.0,1983-03-12,56
366.0,1983-03-19,56
477.0,1983-03-26,56
660.0,1983-04-02,56
732.0,1983-04-09,56
855.0,1983-04-16,56
1115.0,1983-04-23,56
1663.0,1983-04-30,56
2320.0,1983-05-07,56
3208.0,1983-05-14,56
4041.0,1983-05-21,56
4880.0,1983-05-28,56
5480.0,1983-06-04,56
6032.0,1983-06-11,56
6769.0,1983-06-18,56
7421.0,1983-06-25,56
8263.0,1983-07-02,56
8914.0,1983-07-09,56
9355.0,1983-07-16,56
9657.0,1983-07-23,56
9907.0,1983-07-30,56
10017.0,1983-08-06,56
10086.0,1983-08-13,56
10154.0,1983-08-20,56
10397.0,1983-09-24,56
10491.0,1983-10-01,56
10576.0,1983-10-08,56
10851.0,1983-10-15,56
11009.0,1983-10-22,56
11230.0,1983-10-29,56
11351.0,1983-11-05,56
11428.0,1983-11-12,56
18.0,1984-04-01,57
49.0,1984-04-08,57
117.0,1984-04-15,57
309.0,1984-04-22,57
675.0,1984-04-29,57
1346.0,1984-05-06,57
2242.0,1984-05-13,57
3213.0,1984-05-20,57
4065.0,1984-05-27,57
4752.0,1984-06-03,57
5135.0,1984-06-10,57
5682.0,1984-06-17,57
6131.0,1984-06-24,57
6693.0,1984-07-01,57
7199.0,1984-07-08,57
7726.0,1984-07-15,57
8360.0,1984-07-22,57
8808.0,1984-07-29,57
9130.0,1984-08-05,57
9428.0,1984-08-12,57
9731.0,1984-08-19,57
9968.0,1984-08-26,57
10436.0,1984-09-02,57
10705.0,1984-09-09,57
10996.0,1984-09-16,57
11203.0,1984-09-23,57
11410.0,1984-09-30,57
11496.0,1984-10-07,57
11574.0,1984-10-14,57
11617.0,1984-10-21,57
29.0,1984-04-01,58
65.0,1984-04-08,58
155.0,1984-04-15,58
391.0,1984-04-22,58
724.0,1984-04-29,58
1446.0,1984-05-06,58
2246.0,1984-05-13,58
3163.0,1984-05-20,58
3784.0,1984-05-27,58
4461.0,1984-06-03,58
4872.0,1984-06-10,58
5500.0,1984-06-17,58
5943.0,1984-06-24,58
6437.0,1984-07-01,58
6931.0,1984-07-08,58
7473.0,1984-07-15,58
8050.0,1984-07-22,58
8493.0,1984-07-29,58
8841.0,1984-08-05,58
9235.0,1984-08-12,58
9493.0,1984-08-19,58
9608.0,1984-08-26,58
9857.0,1984-09-02,58
9910.0,1984-09-09,58
9960.0,1984-09-16,58
10030.0,1984-09-23,58
10157.0,1984-09-30,58
10244.0,1984-10-07,58
10373.0,1984-10-14,58
10486.0,1984-10-21,58
144.0,1983-04-09,59
358.0,1983-04-16,59
1074.0,1983-04-23,59
2198.0,1983-04-30,59
3288.0,1983-05-07,59
4426.0,1983-05-14,59
5503.0,1983-05-21,59
6249.0,1983-05-28,59
6986.0,1983-06-04,59
7721.0,1983-06-11,59
8023.0,1983-06-18,59
8712.0,1983-06-25,59
9631.0,1983-07-02,59
10264.0,1983-07-09,59
11151.0,1983-07-16,59
11915.0,1983-07-23,59
12531.0,1983-07-30,59
13119.0,1983-08-06,59
13637.0,1983-08-13,59
14078.0,1983-08-20,59
14480.0,1983-08-27,59
14816.0,1983-09-03,59
108.0,1983-04-09,60
317.0,1983-04-16,60
941.0,1983-04-23,60
2199.0,1983-04-30,60
3295.0,1983-05-07,60
4616.0,1983-05-14,60
5656.0,1983-05-21,60
6392.0,1983-05-28,60
7170.0,1983-06-04,60
7897.0,1983-06-11,60
8194.0,1983-06-18,60
8566.0,1983-06-25,60
9211.0,1983-07-02,60
9669.0,1983-07-09,60
10203.0,1983-07-16,60
10504.0,1983-07-23,60
10790.0,1983-07-30,60
11030.0,1983-08-06,60
11230.0,1983-08-13,60
11422.0,1983-08-20,60
11638.0,1983-08-27,60
11880.0,1983-09-03,60
329.0,1984-05-13,61
798.0,1984-05-20,61
1475.0,1984-05-27,61
2528.0,1984-06-03,61
3321.0,1984-06-10,61
4557.0,1984-06-17,61
5639.0,1984-06-24,61
6591.0,1984-07-01,61
7511.0,1984-07-08,61
8107.0,1984-07-15,61
8590.0,1984-07-22,61
9047.0,1984-07-29,61
9388.0,1984-08-05,61
9563.0,1984-08-12,61
9873.0,1984-08-19,61
10282.0,1984-08-26,61
10674.0,1984-09-02,61
10950.0,1984-09-09,61
11304.0,1984-09-16,61
11698.0,1984-09-23,61
12093.0,1984-09-30,61
12436.0,1984-10-07,61
12871.0,1984-10-14,61
13504.0,1984-10-21,61
13884.0,1984-10-28,61
14206.0,1984-11-04,61
14471.0,1984-11-11,61
14674.0,1984-11-18,61
306.0,1984-05-13,62
817.0,1984-05-20,62
1558.0,1984-05-27,62
2523.0,1984-06-03,62
3328.0,1984-06-10,62
4596.0,1984-06-17,62
5733.0,1984-06-24,62
6474.0,1984-07-01,62
7054.0,1984-07-08,62
7420.0,1984-07-15,62
7493.0,1984-07-22,62
7660.0,1984-09-02,62
7856.0,1984-09-09,62
8191.0,1984-09-16,62
8579.0,1984-09-23,62
8780.0,1984-09-30,62
9052.0,1984-10-07,62
9367.0,1984-10-14,62
9829.0,1984-10-21,62
10331.0,1984-10-28,62
10818.0,1984-11-04,62
11127.0,1984-11-11,62
11328.0,1984-11-18,62
110.0,1985-04-09,63
346.0,1985-04-16,63
708.0,1985-04-23,63
1383.0,1985-04-30,63
2167.0,1985-05-07,63
2959.0,1985-05-14,63
3636.0,1985-05-21,63
4455.0,1985-05-28,63
5091.0,1985-06-04,63
5949.0,1985-06-11,63
6363.0,1985-06-18,63
7013.0,1985-06-25,63
7415.0,1985-07-02,63
7652.0,1985-07-09,63
8171.0,1985-07-16,63
8693.0,1985-07-23,63
9212.0,1985-07-30,63
9776.0,1985-08-06,63
10340.0,1985-08-13,63
10898.0,1985-08-20,63
11425.0,1985-08-27,63
11844.0,1985-09-03,63
12105.0,1985-09-10,63
115.0,1985-04-09,64
310.0,1985-04-16,64
661.0,1985-04-23,64
1379.0,1985-04-30,64
2118.0,1985-05-07,64
2859.0,1985-05-14,64
3571.0,1985-05-21,64
4411.0,1985-05-28,64
5021.0,1985-06-04,64
5973.0,1985-06-11,64
6282.0,1985-06-18,64
6624.0,1985-06-25,64
6778.0,1985-07-02,64
6865.0,1985-07-09,64
6972.0,1985-07-16,64
18.0,1983-03-05,65
42.0,1983-03-12,65
88.0,1983-03-19,65
141.0,1983-03-26,65
176.0,1983-04-02,65
244.0,1983-04-09,65
394.0,1983-04-16,65
571.0,1983-04-23,65
866.0,1983-04-30,65
1374.0,1983-05-07,65
1927.0,1983-05-14,65
2734.0,1983-05-21,65
3510.0,1983-05-28,65
4015.0,1983-06-04,65
4437.0,1983-06-11,65
4871.0,1983-06-18,65
5409.0,1983-06-25,65
6020.0,1983-07-02,65
6612.0,1983-07-09,65
7234.0,1983-07-16,65
7886.0,1983-07-23,65
8358.0,1983-07-30,65
8897.0,1983-08-06,65
9356.0,1983-08-13,65
9813.0,1983-08-20,65
10213.0,1983-08-27,65
10640.0,1983-09-03,65
10944.0,1983-09-10,65
11303.0,1983-09-17,65
11515.0,1983-09-24,65
11789.0,1983-10-01,65
12010.0,1983-10-08,65
12252.0,1983-10-15,65
12501.0,1983-10-22,65
12616.0,1983-10-29,65
12657.0,1983-11-05,65
12691.0,1983-11-12,65
24.0,1983-03-05,66
61.0,1983-03-12,66
95.0,1983-03-19,66
144.0,1983-03-26,66
189.0,1983-04-02,66
268.0,1983-04-09,66
399.0,1983-04-16,66
559.0,1983-04-23,66
867.0,1983-04-30,66
1353.0,1983-05-07,66
1943.0,1983-05-14,66
2719.0,1983-05-21,66
3492.0,1983-05-28,66
3968.0,1983-06-04,66
4418.0,1983-06-11,66
4777.0,1983-06-18,66
5262.0,1983-06-25,66
5787.0,1983-07-02,66
6298.0,1983-07-09,66
6781.0,1983-07-16,66
7061.0,1983-07-23,66
7290.0,1983-07-30,66
7514.0,1983-08-06,66
7634.0,1983-08-13,66
7725.0,1983-08-20,66
7796.0,1983-08-27,66
7865.0,1983-09-03,66
7930.0,1983-09-10,66
7999.0,1983-09-17,66
8130.0,1983-09-24,66
8378.0,1983-10-01,66
8659.0,1983-10-08,66
9009.0,1983-10-15,66
9380.0,1983-10-22,66
9621.0,1983-10-29,66
9725.0,1983-11-05,66
9792.0,1983-11-12,66
3.0,1984-03-04,67
9.0,1984-03-11,67
14.0,1984-03-18,67
24.0,1984-03-25,67
33.0,1984-04-01,67
52.0,1984-04-08,67
86.0,1984-04-15,67
213.0,1984-04-22,67
494.0,1984-04-29,67
1104.0,1984-05-06,67
1915.0,1984-05-13,67
3015.0,1984-05-20,67
3969.0,1984-05-27,67
4564.0,1984-06-03,67
5029.0,1984-06-10,67
5475.0,1984-06-17,67
5880.0,1984-06-24,67
6538.0,1984-07-01,67
7205.0,1984-07-08,67
7817.0,1984-07-15,67
8390.0,1984-07-22,67
8743.0,1984-07-29,67
9067.0,1984-08-05,67
9436.0,1984-08-12,67
9833.0,1984-08-19,67
10265.0,1984-08-26,67
10678.0,1984-09-02,67
11149.0,1984-09-09,67
11651.0,1984-09-16,67
12137.0,1984-09-23,67
12518.0,1984-09-30,67
12758.0,1984-10-07,67
12989.0,1984-10-14,67
13155.0,1984-10-21,67
13323.0,1984-10-28,67
13448.0,1984-11-04,67
13567.0,1984-11-11,67
13636.0,1984-11-18,67
13670.0,1984-11-25,67
7.0,1984-03-04,68
14.0,1984-03-11,68
27.0,1984-03-18,68
41.0,1984-03-25,68
56.0,1984-04-01,68
74.0,1984-04-08,68
128.0,1984-04-15,68
320.0,1984-04-22,68
664.0,1984-04-29,68
1216.0,1984-05-06,68
1997.0,1984-05-13,68
2977.0,1984-05-20,68
3841.0,1984-05-27,68
4423.0,1984-06-03,68
4831.0,1984-06-10,68
5269.0,1984-06-17,68
5570.0,1984-06-24,68
5974.0,1984-07-01,68
6190.0,1984-07-08,68
6273.0,1984-07-15,68
6410.0,1984-07-22,68
6546.0,1984-07-29,68
6632.0,1984-08-05,68
6799.0,1984-08-12,68
6955.0,1984-08-19,68
7103.0,1984-08-26,68
7255.0,1984-09-02,68
7417.0,1984-09-09,68
7629.0,1984-09-16,68
7997.0,1984-09-23,68
8284.0,1984-09-30,68
8510.0,1984-10-07,68
8722.0,1984-10-14,68
8982.0,1984-10-21,68
9261.0,1984-10-28,68
9495.0,1984-11-04,68
9696.0,1984-11-11,68
9814.0,1984-11-18,68
9890.0,1984-11-25,68
4.0,1985-04-09,69
17.0,1985-04-16,69
58.0,1985-04-23,69
152.0,1985-04-30,69
298.0,1985-05-07,69
552.0,1985-05-14,69
1125.0,1985-05-21,69
1916.0,1985-05-28,69
3051.0,1985-06-04,69
4236.0,1985-06-11,69
4892.0,1985-06-18,69
5258.0,1985-06-25,69
5554.0,1985-07-02,69
5938.0,1985-07-09,69
6489.0,1985-07-16,69
7085.0,1985-07-23,69
7737.0,1985-07-30,69
8259.0,1985-08-06,69
8645.0,1985-08-13,69
8942.0,1985-08-20,69
9234.0,1985-08-27,69
9457.0,1985-09-03,69
9637.0,1985-09-10,69
9856.0,1985-09-17,69
10110.0,1985-09-24,69
10393.0,1985-10-01,69
10678.0,1985-10-08,69
10990.0,1985-10-15,69
11240.0,1985-10-22,69
11424.0,1985-10-29,69
11519.0,1985-11-05,69
11566.0,1985-11-12,69
5.0,1985-04-09,70
41.0,1985-04-16,70
110.0,1985-04-23,70
274.0,1985-04-30,70
519.0,1985-05-07,70
956.0,1985-05-14,70
1602.0,1985-05-21,70
2420.0,1985-05-28,70
3460.0,1985-06-04,70
4371.0,1985-06-11,70
4956.0,1985-06-18,70
5241.0,1985-06-25,70
5529.0,1985-07-02,70
5934.0,1985-07-09,70
6429.0,1985-07-16,70
6954.0,1985-07-23,70
7381.0,1985-07-30,70
7630.0,1985-08-06,70
7929.0,1985-08-13,70
8205.0,1985-08-20,70
8552.0,1985-08-27,70
8931.0,1985-09-03,70
9309.0,1985-09-10,70
9661.0,1985-09-17,70
10059.0,1985-09-24,70
10431.0,1985-10-01,70
10771.0,1985-10-08,70
11056.0,1985-10-15,70
11303.0,1985-10-22,70
11481.0,1985-10-29,70
11571.0,1985-11-05,70
11608.0,1985-11-12,70
146.0,1984-04-15,71
436.0,1984-04-22,71
1056.0,1984-04-29,71
2028.0,1984-05-06,71
3039.0,1984-05-13,71
4254.0,1984-05-20,71
5252.0,1984-05-27,71
6064.0,1984-06-03,71
6632.0,1984-06-10,71
7230.0,1984-06-17,71
7939.0,1984-06-24,71
8699.0,1984-07-01,71
9427.0,1984-07-08,71
10220.0,1984-07-15,71
10916.0,1984-07-22,71
11694.0,1984-07-29,71
12303.0,1984-08-05,71
12971.0,1984-08-12,71
13540.0,1984-08-19,71
14118.0,1984-08-26,71
14618.0,1984-09-02,71
14997.0,1984-09-09,71
15360.0,1984-09-16,71
15743.0,1984-09-23,71
16223.0,1984-09-30,71
16567.0,1984-10-07,71
16841.0,1984-10-14,71
17070.0,1984-10-21,71
17218.0,1984-10-28,71
17387.0,1984-11-04,71
17574.0,1984-11-11,71
17686.0,1984-11-18,71
124.0,1984-04-15,72
395.0,1984-04-22,72
972.0,1984-04-29,72
1936.0,1984-05-06,72
2952.0,1984-05-13,72
4149.0,1984-05-20,72
5114.0,1984-05-27,72
5889.0,1984-06-03,72
6466.0,1984-06-10,72
7131.0,1984-06-17,72
7826.0,1984-06-24,72
8429.0,1984-07-01,72
9172.0,1984-07-08,72
9938.0,1984-07-15,72
10612.0,1984-07-22,72
11298.0,1984-07-29,72
11861.0,1984-08-05,72
12520.0,1984-08-12,72
13096.0,1984-08-19,72
13589.0,1984-08-26,72
14039.0,1984-09-02,72
14286.0,1984-09-09,72
14528.0,1984-09-16,72
14770.0,1984-09-23,72
15137.0,1984-09-30,72
15440.0,1984-10-07,72
15706.0,1984-10-14,72
15878.0,1984-10-21,72
16069.0,1984-10-28,72
16271.0,1984-11-04,72
16368.0,1984-11-11,72
16482.0,1984-11-18,72
98.0,1985-04-09,73
330.0,1985-04-16,73
823.0,1985-04-23,73
1568.0,1985-04-30,73
2137.0,1985-05-07,73
3033.0,1985-05-14,73
3944.0,1985-05-21,73
5099.0,1985-05-28,73
6415.0,1985-06-04,73
7224.0,1985-06-11,73
7745.0,1985-06-18,73
7990.0,1985-06-25,73
8410.0,1985-07-02,73
9089.0,1985-07-09,73
9970.0,1985-07-16,73
10842.0,1985-07-23,73
11610.0,1985-07-30,73
12225.0,1985-08-06,73
12751.0,1985-08-13,73
13309.0,1985-08-20,73
13784.0,1985-08-27,73
14322.0,1985-09-03,73
14926.0,1985-09-10,73
15430.0,1985-09-17,73
15893.0,1985-09-24,73
16371.0,1985-10-01,73
16750.0,1985-10-08,73
17138.0,1985-10-15,73
17475.0,1985-10-22,73
17669.0,1985-10-29,73
17765.0,1985-11-05,73
17855.0,1985-11-12,73
173.0,1985-04-09,74
423.0,1985-04-16,74
1001.0,1985-04-23,74
1819.0,1985-04-30,74
2462.0,1985-05-07,74
3353.0,1985-05-14,74
4223.0,1985-05-21,74
5271.0,1985-05-28,74
6479.0,1985-06-04,74
7273.0,1985-06-11,74
7782.0,1985-06-18,74
8019.0,1985-06-25,74
8332.0,1985-07-02,74
9078.0,1985-07-09,74
9912.0,1985-07-16,74
10744.0,1985-07-23,74
11488.0,1985-07-30,74
12038.0,1985-08-06,74
12553.0,1985-08-13,74
13093.0,1985-08-20,74
13609.0,1985-08-27,74
14176.0,1985-09-03,74
14802.0,1985-09-10,74
15309.0,1985-09-17,74
15768.0,1985-09-24,74
16213.0,1985-10-01,74
16589.0,1985-10-08,74
16991.0,1985-10-15,74
17262.0,1985-10-22,74
17452.0,1985-10-29,74
17541.0,1985-11-05,74
17624.0,1985-11-12,74
43.0,1983-03-05,75
105.0,1983-03-12,75
201.0,1983-03-19,75
409.0,1983-03-26,75
563.0,1983-04-02,75
779.0,1983-04-09,75
868.0,1983-04-16,75
911.0,1983-04-23,75
1261.0,1983-04-30,75
1821.0,1983-05-07,75
2460.0,1983-05-14,75
3214.0,1983-05-21,75
3985.0,1983-05-28,75
4574.0,1983-06-04,75
5228.0,1983-06-11,75
6033.0,1983-06-18,75
6591.0,1983-06-25,75
7305.0,1983-07-02,75
8060.0,1983-07-09,75
8921.0,1983-07-16,75
10006.0,1983-07-23,75
10741.0,1983-07-30,75
11386.0,1983-08-06,75
11854.0,1983-08-13,75
12144.0,1983-08-20,75
12446.0,1983-08-27,75
12815.0,1983-09-03,75
13271.0,1983-09-10,75
13674.0,1983-09-17,75
14073.0,1983-09-24,75
14324.0,1983-10-01,75
14563.0,1983-10-08,75
14785.0,1983-10-15,75
15010.0,1983-10-22,75
15194.0,1983-10-29,75
15283.0,1983-11-05,75
15287.0,1983-11-12,75
15291.0,1983-11-19,75
15296.0,1983-11-26,75
15298.0,1983-12-03,75
46.0,1983-03-05,76
95.0,1983-03-12,76
211.0,1983-03-19,76
386.0,1983-03-26,76
588.0,1983-04-02,76
829.0,1983-04-09,76
939.0,1983-04-16,76
1023.0,1983-04-23,76
1395.0,1983-04-30,76
1909.0,1983-05-07,76
2594.0,1983-05-14,76
3393.0,1983-05-21,76
4228.0,1983-05-28,76
4878.0,1983-06-04,76
5529.0,1983-06-11,76
6318.0,1983-06-18,76
6963.0,1983-06-25,76
7648.0,1983-07-02,76
8339.0,1983-07-09,76
9198.0,1983-07-16,76
10099.0,1983-07-23,76
10784.0,1983-07-30,76
11444.0,1983-08-06,76
11916.0,1983-08-13,76
12328.0,1983-08-20,76
12639.0,1983-08-27,76
13019.0,1983-09-03,76
13423.0,1983-09-10,76
13908.0,1983-09-17,76
14371.0,1983-09-24,76
14723.0,1983-10-01,76
15049.0,1983-10-08,76
15370.0,1983-10-15,76
15696.0,1983-10-22,76
15958.0,1983-10-29,76
16095.0,1983-11-05,76
16103.0,1983-11-12,76
16111.0,1983-11-19,76
16119.0,1983-11-26,76
16124.0,1983-12-03,76
30.0,1984-03-11,77
73.0,1984-03-18,77
143.0,1984-03-25,77
230.0,1984-04-01,77
291.0,1984-04-08,77
364.0,1984-04-15,77
510.0,1984-04-22,77
796.0,1984-04-29,77
1381.0,1984-05-06,77
2183.0,1984-05-13,77
3224.0,1984-05-20,77
4180.0,1984-05-27,77
5406.0,1984-06-03,77
6231.0,1984-06-10,77
6910.0,1984-06-17,77
7699.0,1984-06-24,77
8500.0,1984-07-01,77
9505.0,1984-07-08,77
10094.0,1984-07-15,77
10820.0,1984-07-22,77
11473.0,1984-07-29,77
12121.0,1984-08-05,77
12619.0,1984-08-12,77
13188.0,1984-08-19,77
13836.0,1984-08-26,77
14398.0,1984-09-02,77
14999.0,1984-09-09,77
15559.0,1984-09-16,77
15973.0,1984-09-23,77
16371.0,1984-09-30,77
16703.0,1984-10-07,77
16986.0,1984-10-14,77
17181.0,1984-10-21,77
17433.0,1984-10-28,77
17728.0,1984-11-04,77
18065.0,1984-11-11,77
18143.0,1984-11-18,77
18200.0,1984-11-25,77
18214.0,1984-12-02,77
18238.0,1984-12-09,77
44.0,1984-03-11,78
93.0,1984-03-18,78
185.0,1984-03-25,78
276.0,1984-04-01,78
351.0,1984-04-08,78
423.0,1984-04-15,78
578.0,1984-04-22,78
881.0,1984-04-29,78
1471.0,1984-05-06,78
2300.0,1984-05-13,78
3280.0,1984-05-20,78
4269.0,1984-05-27,78
5368.0,1984-06-03,78
6155.0,1984-06-10,78
6858.0,1984-06-17,78
7595.0,1984-06-24,78
8343.0,1984-07-01,78
9251.0,1984-07-08,78
9691.0,1984-07-15,78
10244.0,1984-07-22,78
10619.0,1984-07-29,78
10954.0,1984-08-05,78
11176.0,1984-08-12,78
11555.0,1984-08-19,78
12036.0,1984-08-26,78
12595.0,1984-09-02,78
13200.0,1984-09-09,78
13731.0,1984-09-16,78
14229.0,1984-09-23,78
14741.0,1984-09-30,78
15163.0,1984-10-07,78
15531.0,1984-10-14,78
15770.0,1984-10-21,78
16103.0,1984-10-28,78
16509.0,1984-11-04,78
16886.0,1984-11-11,78
17168.0,1984-11-18,78
17264.0,1984-11-25,78
17290.0,1984-12-02,78
17319.0,1984-12-09,78
172.0,1984-03-11,79
325.0,1984-03-18,79
417.0,1984-03-25,79
679.0,1984-04-01,79
983.0,1984-04-08,79
1102.0,1984-04-15,79
1315.0,1984-04-22,79
1737.0,1984-04-29,79
2660.0,1984-05-06,79
3631.0,1984-05-13,79
4806.0,1984-05-20,79
5874.0,1984-05-27,79
6726.0,1984-06-03,79
7330.0,1984-06-10,79
7842.0,1984-06-17,79
8396.0,1984-06-24,79
9164.0,1984-07-01,79
10014.0,1984-07-08,79
10441.0,1984-07-15,79
10685.0,1984-07-22,79
10855.0,1984-07-29,79
11092.0,1984-08-05,79
11491.0,1984-08-12,79
11888.0,1984-08-19,79
12355.0,1984-08-26,79
13080.0,1984-09-02,79
13589.0,1984-09-09,79
13938.0,1984-09-16,79
14495.0,1984-09-23,79
14915.0,1984-09-30,79
15110.0,1984-10-07,79
15269.0,1984-10-14,79
15359.0,1984-10-21,79
15525.0,1984-10-28,79
15660.0,1984-11-04,79
15803.0,1984-11-11,79
