explo,date,temperature,precipitation,dwd_stations_id
SCH,2006-01-01,1.6,0.0,164
SCH,2006-01-02,-0.4,0.0,164
SCH,2006-01-03,0.8,0.0,164
SCH,2006-01-04,0.1,0.0,164
SCH,2006-01-05,-0.2,0.0,164
SCH,2006-01-06,-1.9,0.0,164
SCH,2006-01-07,-3.0,0.0,164
SCH,2006-01-08,-6.1,0.0,164
SCH,2006-01-09,-6.9,0.0,164
SCH,2006-01-10,-5.2,0.0,164
SCH,2006-01-11,-1.8,1.2,164
SCH,2006-01-12,1.8,0.0,164
SCH,2006-01-13,-0.7,0.0,164
SCH,2006-01-14,-3.1,0.0,164
SCH,2006-01-15,-5.7,0.0,164
SCH,2006-01-16,-6.2,0.0,164
SCH,2006-01-17,-4.7,1.5,164
SCH,2006-01-18,-3.6,0.1,164
SCH,2006-01-19,-4.0,0.9,164
SCH,2006-01-20,-4.3,6.6,164
SCH,2006-01-21,-1.3,0.0,164
SCH,2006-01-22,-13.7,0.0,164
SCH,2006-01-23,-16.4,0.0,164
SCH,2006-01-24,-14.2,0.0,164
SCH,2006-01-25,-6.6,0.0,164
SCH,2006-01-26,-10.1,0.0,164
SCH,2006-01-27,-12.9,0.0,164
SCH,2006-01-28,-9.2,0.0,164
SCH,2006-01-29,-4.2,0.0,164
SCH,2006-01-30,-0.5,0.0,164
SCH,2006-01-31,0.5,0.0,164
SCH,2006-02-01,-1.4,0.0,164
SCH,2006-02-02,0.0,0.0,164
SCH,2006-02-03,0.2,0.1,164
SCH,2006-02-04,-2.9,0.0,164
SCH,2006-02-05,-7.3,0.0,164
SCH,2006-02-06,-7.0,7.7,164
SCH,2006-02-07,3.0,2.5,164
SCH,2006-02-08,3.0,6.3,164
SCH,2006-02-09,1.2,3.5,164
SCH,2006-02-10,0.1,0.1,164
SCH,2006-02-11,-0.7,1.1,164
SCH,2006-02-12,-2.5,0.0,164
SCH,2006-02-13,-0.5,0.3,164
SCH,2006-02-14,-0.7,0.0,164
SCH,2006-02-15,-0.3,1.0,164
SCH,2006-02-16,1.6,2.9,164
SCH,2006-02-17,2.0,2.8,164
SCH,2006-02-18,3.9,0.5,164
SCH,2006-02-19,2.9,0.1,164
SCH,2006-02-20,1.6,0.0,164
SCH,2006-02-21,0.9,0.0,164
SCH,2006-02-22,-0.1,0.0,164
SCH,2006-02-23,-1.3,0.0,164
SCH,2006-02-24,-1.0,0.0,164
SCH,2006-02-25,-1.7,0.1,164
SCH,2006-02-26,-1.6,0.0,164
SCH,2006-02-27,-3.7,0.4,164
SCH,2006-02-28,-2.4,0.2,164
SCH,2006-03-01,-0.2,1.1,164
SCH,2006-03-02,-0.9,0.0,164
SCH,2006-03-03,-1.6,0.0,164
SCH,2006-03-04,-1.8,0.0,164
SCH,2006-03-05,-0.8,2.9,164
SCH,2006-03-06,-4.3,2.6,164
SCH,2006-03-07,-2.5,0.1,164
SCH,2006-03-08,-4.6,0.0,164
SCH,2006-03-09,-2.4,0.0,164
SCH,2006-03-10,-1.5,3.1,164
SCH,2006-03-11,-3.1,0.1,164
SCH,2006-03-12,-3.8,0.1,164
SCH,2006-03-13,-5.7,0.0,164
SCH,2006-03-14,-4.3,0.0,164
SCH,2006-03-15,-0.7,0.1,164
SCH,2006-03-16,0.6,0.0,164
SCH,2006-03-17,0.1,0.0,164
SCH,2006-03-18,-1.0,0.0,164
SCH,2006-03-19,-0.6,0.0,164
SCH,2006-03-20,1.5,0.0,164
SCH,2006-03-21,-0.8,0.0,164
SCH,2006-03-22,-0.7,0.0,164
SCH,2006-03-23,-0.2,0.0,164
SCH,2006-03-24,1.7,0.0,164
SCH,2006-03-25,1.4,2.0,164
SCH,2006-03-26,4.8,6.9,164
SCH,2006-03-27,10.1,12.9,164
SCH,2006-03-28,10.7,0.0,164
SCH,2006-03-29,6.9,1.3,164
SCH,2006-03-30,7.3,6.2,164
SCH,2006-03-31,10.4,4.1,164
SCH,2006-04-01,9.8,2.3,164
SCH,2006-04-02,10.0,0.2,164
SCH,2006-04-03,7.5,1.2,164
SCH,2006-04-04,3.1,2.2,164
SCH,2006-04-05,2.7,0.1,164
SCH,2006-04-06,4.2,0.0,164
SCH,2006-04-07,7.0,0.0,164
SCH,2006-04-08,9.0,0.1,164
SCH,2006-04-09,6.9,0.2,164
SCH,2006-04-10,4.8,0.0,164
SCH,2006-04-11,2.9,0.0,164
SCH,2006-04-12,4.9,0.0,164
SCH,2006-04-13,7.3,5.2,164
SCH,2006-04-14,6.8,0.6,164
SCH,2006-04-15,8.6,1.2,164
SCH,2006-04-16,9.6,2.8,164
SCH,2006-04-17,9.3,2.5,164
SCH,2006-04-18,9.4,0.6,164
SCH,2006-04-19,10.4,0.0,164
SCH,2006-04-20,11.2,0.0,164
SCH,2006-04-21,11.4,3.7,164
SCH,2006-04-22,11.0,0.1,164
SCH,2006-04-23,12.1,0.0,164
SCH,2006-04-24,9.6,0.0,164
SCH,2006-04-25,11.5,0.0,164
SCH,2006-04-26,15.8,0.0,164
SCH,2006-04-27,12.5,0.0,164
SCH,2006-04-28,9.4,0.0,164
SCH,2006-04-29,8.0,2.7,164
SCH,2006-04-30,7.5,0.0,164
SCH,2006-05-01,8.6,0.0,164
SCH,2006-05-02,11.6,0.4,164
SCH,2006-05-03,14.9,0.0,164
SCH,2006-05-04,15.9,0.0,164
SCH,2006-05-05,16.0,0.0,164
SCH,2006-05-06,14.9,0.0,164
SCH,2006-05-07,16.0,0.0,164
SCH,2006-05-08,15.2,0.0,164
SCH,2006-05-09,15.5,0.0,164
SCH,2006-05-10,14.4,0.0,164
SCH,2006-05-11,15.1,0.0,164
SCH,2006-05-12,17.5,0.0,164
SCH,2006-05-13,15.8,9.2,164
SCH,2006-05-14,11.5,0.0,164
SCH,2006-05-15,11.1,0.9,164
SCH,2006-05-16,14.5,6.6,164
SCH,2006-05-17,12.2,0.0,164
SCH,2006-05-18,12.9,6.5,164
SCH,2006-05-19,13.6,1.1,164
SCH,2006-05-20,13.9,2.1,164
SCH,2006-05-21,12.6,0.4,164
SCH,2006-05-22,15.3,9.9,164
SCH,2006-05-23,13.6,0.9,164
SCH,2006-05-24,11.8,1.7,164
SCH,2006-05-25,10.3,2.1,164
SCH,2006-05-26,11.0,0.7,164
SCH,2006-05-27,12.0,4.9,164
SCH,2006-05-28,11.9,4.9,164
SCH,2006-05-29,11.1,0.0,164
SCH,2006-05-30,9.4,5.1,164
SCH,2006-05-31,10.8,4.1,164
SCH,2006-06-01,9.9,0.0,164
SCH,2006-06-02,11.9,0.0,164
SCH,2006-06-03,10.9,5.3,164
SCH,2006-06-04,11.8,0.0,164
SCH,2006-06-05,10.5,0.0,164
SCH,2006-06-06,11.8,2.2,164
SCH,2006-06-07,13.7,0.0,164
SCH,2006-06-08,15.9,0.0,164
SCH,2006-06-09,16.8,0.0,164
SCH,2006-06-10,16.9,0.0,164
SCH,2006-06-11,19.7,0.0,164
SCH,2006-06-12,21.5,0.0,164
SCH,2006-06-13,22.5,0.0,164
SCH,2006-06-14,23.8,0.0,164
SCH,2006-06-15,21.8,2.2,164
SCH,2006-06-16,19.6,1.2,164
SCH,2006-06-17,16.1,1.0,164
SCH,2006-06-18,17.5,0.3,164
SCH,2006-06-19,22.0,0.7,164
SCH,2006-06-20,21.8,0.0,164
SCH,2006-06-21,22.7,2.3,164
SCH,2006-06-22,19.7,0.0,164
SCH,2006-06-23,16.7,0.0,164
SCH,2006-06-24,19.0,0.0,164
SCH,2006-06-25,23.5,0.0,164
SCH,2006-06-26,24.1,0.0,164
SCH,2006-06-27,20.9,0.0,164
SCH,2006-06-28,17.8,0.0,164
SCH,2006-06-29,16.2,0.0,164
SCH,2006-06-30,16.5,0.0,164
SCH,2006-07-01,20.7,0.0,164
SCH,2006-07-02,21.2,0.0,164
SCH,2006-07-03,22.1,0.0,164
SCH,2006-07-04,22.0,0.0,164
SCH,2006-07-05,24.8,0.0,164
SCH,2006-07-06,25.2,6.5,164
SCH,2006-07-07,23.7,12.3,164
SCH,2006-07-08,20.9,0.1,164
SCH,2006-07-09,23.1,0.0,164
SCH,2006-07-10,23.2,0.0,164
SCH,2006-07-11,24.2,0.0,164
SCH,2006-07-12,22.1,0.0,164
SCH,2006-07-13,23.5,0.0,164
SCH,2006-07-14,19.4,0.0,164
SCH,2006-07-15,17.9,0.0,164
SCH,2006-07-16,18.6,0.0,164
SCH,2006-07-17,20.1,0.0,164
SCH,2006-07-18,23.6,0.0,164
SCH,2006-07-19,24.4,0.0,164
SCH,2006-07-20,26.8,0.0,164
SCH,2006-07-21,26.2,1.2,164
SCH,2006-07-22,23.8,0.0,164
SCH,2006-07-23,23.9,0.0,164
SCH,2006-07-24,24.2,0.0,164
SCH,2006-07-25,23.3,0.0,164
SCH,2006-07-26,23.7,0.0,164
SCH,2006-07-27,25.3,0.0,164
SCH,2006-07-28,25.1,6.1,164
SCH,2006-07-29,21.2,0.1,164
SCH,2006-07-30,23.3,0.3,164
SCH,2006-07-31,21.8,0.0,164
SCH,2006-08-01,21.3,4.4,164
SCH,2006-08-02,17.7,0.4,164
SCH,2006-08-03,16.7,0.3,164
SCH,2006-08-04,17.9,0.7,164
SCH,2006-08-05,17.2,24.9,164
SCH,2006-08-06,18.7,0.0,164
SCH,2006-08-07,20.1,0.0,164
SCH,2006-08-08,18.7,0.0,164
SCH,2006-08-09,17.9,0.0,164
SCH,2006-08-10,16.3,0.0,164
SCH,2006-08-11,15.7,0.3,164
SCH,2006-08-12,16.1,0.2,164
SCH,2006-08-13,14.6,10.6,164
SCH,2006-08-14,16.4,0.0,164
SCH,2006-08-15,16.7,2.1,164
SCH,2006-08-16,18.4,2.4,164
SCH,2006-08-17,19.2,0.0,164
SCH,2006-08-18,20.6,2.4,164
SCH,2006-08-19,20.9,5.9,164
SCH,2006-08-20,18.6,2.6,164
SCH,2006-08-21,16.4,9.4,164
SCH,2006-08-22,16.1,0.0,164
SCH,2006-08-23,16.9,1.4,164
SCH,2006-08-24,17.4,0.0,164
SCH,2006-08-25,14.2,4.0,164
SCH,2006-08-26,15.0,3.3,164
SCH,2006-08-27,15.5,1.2,164
SCH,2006-08-28,15.5,1.6,164
SCH,2006-08-29,12.7,0.2,164
SCH,2006-08-30,14.3,0.6,164
SCH,2006-08-31,16.0,0.4,164
SCH,2006-09-01,16.7,0.1,164
SCH,2006-09-02,19.9,2.8,164
SCH,2006-09-03,18.5,7.7,164
SCH,2006-09-04,17.6,0.0,164
SCH,2006-09-05,15.7,0.0,164
SCH,2006-09-06,17.3,0.0,164
SCH,2006-09-07,18.5,3.9,164
SCH,2006-09-08,14.3,0.1,164
SCH,2006-09-09,14.1,0.0,164
SCH,2006-09-10,16.0,0.0,164
SCH,2006-09-11,16.4,0.0,164
SCH,2006-09-12,17.2,0.0,164
SCH,2006-09-13,17.5,0.0,164
SCH,2006-09-14,17.7,0.0,164
SCH,2006-09-15,19.0,0.0,164
SCH,2006-09-16,20.0,0.0,164
SCH,2006-09-17,18.4,0.0,164
SCH,2006-09-18,18.8,0.0,164
SCH,2006-09-19,17.1,0.0,164
SCH,2006-09-20,15.2,0.0,164
SCH,2006-09-21,15.8,0.0,164
SCH,2006-09-22,17.8,0.0,164
SCH,2006-09-23,17.4,0.0,164
SCH,2006-09-24,19.2,0.0,164
SCH,2006-09-25,18.4,0.0,164
SCH,2006-09-26,18.0,0.0,164
SCH,2006-09-27,15.4,3.7,164
SCH,2006-09-28,15.0,0.0,164
SCH,2006-09-29,16.8,0.0,164
SCH,2006-09-30,17.0,0.0,164
SCH,2006-10-01,16.0,0.0,164
SCH,2006-10-02,15.6,0.0,164
SCH,2006-10-03,13.8,0.0,164
SCH,2006-10-04,13.0,1.6,164
SCH,2006-10-05,11.8,2.0,164
SCH,2006-10-06,12.7,2.8,164
SCH,2006-10-07,13.5,0.7,164
SCH,2006-10-08,12.8,0.0,164
SCH,2006-10-09,13.0,0.0,164
SCH,2006-10-10,12.0,0.0,164
SCH,2006-10-11,11.4,0.0,164
SCH,2006-10-12,11.4,0.0,164
SCH,2006-10-13,11.3,0.0,164
SCH,2006-10-14,9.0,0.3,164
SCH,2006-10-15,9.4,0.0,164
SCH,2006-10-16,9.5,0.0,164
SCH,2006-10-17,7.5,0.0,164
SCH,2006-10-18,8.2,0.0,164
SCH,2006-10-19,10.2,0.0,164
SCH,2006-10-20,10.0,1.2,164
SCH,2006-10-21,12.2,0.0,164
SCH,2006-10-22,13.5,0.0,164
SCH,2006-10-23,14.7,0.8,164
SCH,2006-10-24,15.8,2.3,164
SCH,2006-10-25,11.2,0.0,164
SCH,2006-10-26,14.4,0.0,164
SCH,2006-10-27,15.1,0.8,164
SCH,2006-10-28,10.4,1.9,164
SCH,2006-10-29,10.2,5.0,164
SCH,2006-10-30,6.5,0.0,164
SCH,2006-10-31,11.4,3.6,164
SCH,2006-11-01,4.2,1.3,164
SCH,2006-11-02,0.9,0.0,164
SCH,2006-11-03,0.5,0.0,164
SCH,2006-11-04,4.8,1.5,164
SCH,2006-11-05,9.7,10.9,164
SCH,2006-11-06,11.1,0.0,164
SCH,2006-11-07,8.6,0.0,164
SCH,2006-11-08,6.5,0.7,164
SCH,2006-11-09,8.1,0.7,164
SCH,2006-11-10,5.8,0.0,164
SCH,2006-11-11,5.7,2.8,164
SCH,2006-11-12,5.6,5.5,164
SCH,2006-11-13,6.1,5.1,164
SCH,2006-11-14,9.8,0.1,164
SCH,2006-11-15,11.3,0.0,164
SCH,2006-11-16,10.8,0.0,164
SCH,2006-11-17,10.6,0.4,164
SCH,2006-11-18,9.9,0.3,164
SCH,2006-11-19,7.9,2.3,164
SCH,2006-11-20,5.8,0.1,164
SCH,2006-11-21,6.2,1.1,164
SCH,2006-11-22,4.8,0.0,164
SCH,2006-11-23,4.5,4.5,164
SCH,2006-11-24,9.8,0.0,164
SCH,2006-11-25,9.4,0.0,164
SCH,2006-11-26,11.0,0.0,164
SCH,2006-11-27,6.5,0.0,164
SCH,2006-11-28,4.7,0.0,164
SCH,2006-11-29,6.3,0.0,164
SCH,2006-11-30,5.1,0.0,164
SCH,2006-12-01,4.0,0.0,164
SCH,2006-12-02,4.7,0.0,164
SCH,2006-12-03,6.6,1.5,164
SCH,2006-12-04,7.3,2.6,164
SCH,2006-12-05,11.0,0.1,164
SCH,2006-12-06,10.5,0.5,164
SCH,2006-12-07,7.8,0.1,164
SCH,2006-12-08,9.0,0.0,164
SCH,2006-12-09,8.7,0.0,164
SCH,2006-12-10,4.4,0.0,164
SCH,2006-12-11,3.1,3.0,164
SCH,2006-12-12,5.6,1.4,164
SCH,2006-12-13,6.9,0.5,164
SCH,2006-12-14,9.6,0.0,164
SCH,2006-12-15,6.5,0.0,164
SCH,2006-12-16,6.3,1.0,164
SCH,2006-12-17,4.4,0.3,164
SCH,2006-12-18,3.3,0.0,164
SCH,2006-12-19,3.4,0.1,164
SCH,2006-12-20,5.2,0.1,164
SCH,2006-12-21,4.9,0.0,164
SCH,2006-12-22,5.3,0.0,164
SCH,2006-12-23,4.8,0.0,164
SCH,2006-12-24,4.6,0.0,164
SCH,2006-12-25,4.9,0.0,164
SCH,2006-12-26,1.5,0.0,164
SCH,2006-12-27,0.2,0.0,164
SCH,2006-12-28,-0.4,0.2,164
SCH,2006-12-29,1.7,0.0,164
SCH,2006-12-30,3.2,4.2,164
SCH,2006-12-31,7.9,2.2,164
SCH,2007-01-01,7.7,0.0,164
SCH,2007-01-02,5.0,0.8,164
SCH,2007-01-03,5.2,0.4,164
SCH,2007-01-04,6.7,1.3,164
SCH,2007-01-05,7.0,0.1,164
SCH,2007-01-06,7.7,5.3,164
SCH,2007-01-07,4.7,0.0,164
SCH,2007-01-08,6.7,1.3,164
SCH,2007-01-09,10.4,1.5,164
SCH,2007-01-10,11.9,1.2,164
SCH,2007-01-11,6.1,7.0,164
SCH,2007-01-12,7.4,0.4,164
SCH,2007-01-13,10.1,2.3,164
SCH,2007-01-14,7.9,0.3,164
SCH,2007-01-15,4.2,0.0,164
SCH,2007-01-16,3.7,1.2,164
SCH,2007-01-17,7.1,1.4,164
SCH,2007-01-18,8.3,19.7,164
SCH,2007-01-19,6.1,4.8,164
SCH,2007-01-20,7.8,4.8,164
SCH,2007-01-21,5.5,1.0,164
SCH,2007-01-22,2.2,0.9,164
SCH,2007-01-23,-3.7,0.0,164
SCH,2007-01-24,-3.6,0.6,164
SCH,2007-01-25,-3.4,0.8,164
SCH,2007-01-26,-4.5,0.8,164
SCH,2007-01-27,-0.5,2.1,164
SCH,2007-01-28,2.4,4.6,164
SCH,2007-01-29,2.5,0.5,164
SCH,2007-01-30,4.6,1.1,164
SCH,2007-01-31,5.6,1.8,164
SCH,2007-02-01,4.4,0.0,164
SCH,2007-02-02,5.9,3.5,164
SCH,2007-02-03,5.4,0.0,164
SCH,2007-02-04,5.1,0.0,164
SCH,2007-02-05,1.8,1.0,164
SCH,2007-02-06,1.3,0.0,164
SCH,2007-02-07,-0.3,1.2,164
SCH,2007-02-08,-0.9,2.3,164
SCH,2007-02-09,-1.8,1.8,164
SCH,2007-02-10,-4.8,0.0,164
SCH,2007-02-11,-5.3,3.2,164
SCH,2007-02-12,1.6,3.2,164
SCH,2007-02-13,4.7,0.3,164
SCH,2007-02-14,4.0,7.3,164
SCH,2007-02-15,3.3,6.9,164
SCH,2007-02-16,2.9,0.0,164
SCH,2007-02-17,3.2,0.0,164
SCH,2007-02-18,3.3,0.0,164
SCH,2007-02-19,3.0,0.0,164
SCH,2007-02-20,2.2,0.0,164
SCH,2007-02-21,2.4,9.9,164
SCH,2007-02-22,0.5,1.7,164
SCH,2007-02-23,-4.2,0.0,164
SCH,2007-02-24,-1.6,0.0,164
SCH,2007-02-25,4.6,1.0,164
SCH,2007-02-26,4.6,3.8,164
SCH,2007-02-27,3.1,3.7,164
SCH,2007-02-28,5.9,5.7,164
SCH,2007-03-01,6.7,5.6,164
SCH,2007-03-02,5.1,3.3,164
SCH,2007-03-03,4.3,0.0,164
SCH,2007-03-04,4.4,0.0,164
SCH,2007-03-05,5.0,0.1,164
SCH,2007-03-06,6.9,0.0,164
SCH,2007-03-07,9.3,0.1,164
SCH,2007-03-08,7.0,0.0,164
SCH,2007-03-09,7.5,2.2,164
SCH,2007-03-10,6.6,0.0,164
SCH,2007-03-11,9.0,0.0,164
SCH,2007-03-12,9.5,0.0,164
SCH,2007-03-13,10.8,0.0,164
SCH,2007-03-14,6.8,0.0,164
SCH,2007-03-15,7.1,0.0,164
SCH,2007-03-16,6.9,1.8,164
SCH,2007-03-17,7.1,2.4,164
SCH,2007-03-18,6.7,4.0,164
SCH,2007-03-19,3.4,0.0,164
SCH,2007-03-20,1.4,2.0,164
SCH,2007-03-21,2.2,10.2,164
SCH,2007-03-22,2.9,17.8,164
SCH,2007-03-23,5.6,3.4,164
SCH,2007-03-24,10.1,0.0,164
SCH,2007-03-25,9.1,0.0,164
SCH,2007-03-26,8.4,0.0,164
SCH,2007-03-27,8.5,0.0,164
SCH,2007-03-28,8.9,0.0,164
SCH,2007-03-29,9.9,0.0,164
SCH,2007-03-30,7.6,0.0,164
SCH,2007-03-31,8.8,0.0,164
SCH,2007-04-01,9.0,0.0,164
SCH,2007-04-02,8.7,0.0,164
SCH,2007-04-03,4.6,0.3,164
SCH,2007-04-04,4.1,0.0,164
SCH,2007-04-05,8.7,0.0,164
SCH,2007-04-06,9.1,0.0,164
SCH,2007-04-07,7.0,0.0,164
SCH,2007-04-08,8.1,0.0,164
SCH,2007-04-09,10.4,0.4,164
SCH,2007-04-10,10.4,0.0,164
SCH,2007-04-11,12.3,0.0,164
SCH,2007-04-12,11.5,0.0,164
SCH,2007-04-13,12.2,0.0,164
SCH,2007-04-14,13.4,0.0,164
SCH,2007-04-15,13.5,0.0,164
SCH,2007-04-16,16.2,0.0,164
SCH,2007-04-17,13.2,0.0,164
SCH,2007-04-18,8.3,0.0,164
SCH,2007-04-19,9.6,0.4,164
SCH,2007-04-20,6.4,0.0,164
SCH,2007-04-21,6.0,0.0,164
SCH,2007-04-22,8.6,0.0,164
SCH,2007-04-23,14.6,0.0,164
SCH,2007-04-24,15.2,0.0,164
SCH,2007-04-25,14.7,0.0,164
SCH,2007-04-26,15.9,0.0,164
SCH,2007-04-27,17.1,0.0,164
SCH,2007-04-28,15.0,0.0,164
SCH,2007-04-29,7.5,0.0,164
SCH,2007-04-30,8.0,0.0,164
SCH,2007-05-01,8.1,0.0,164
SCH,2007-05-02,13.0,0.0,164
SCH,2007-05-03,10.8,0.0,164
SCH,2007-05-04,11.9,0.0,164
SCH,2007-05-05,14.1,0.0,164
SCH,2007-05-06,15.9,0.1,164
SCH,2007-05-07,12.1,5.1,164
SCH,2007-05-08,11.2,1.8,164
SCH,2007-05-09,11.5,2.2,164
SCH,2007-05-10,12.1,8.3,164
SCH,2007-05-11,12.4,10.0,164
SCH,2007-05-12,11.0,4.1,164
SCH,2007-05-13,15.7,1.7,164
SCH,2007-05-14,18.0,7.9,164
SCH,2007-05-15,11.1,5.6,164
SCH,2007-05-16,12.2,5.9,164
SCH,2007-05-17,9.9,1.7,164
SCH,2007-05-18,12.1,0.0,164
SCH,2007-05-19,16.3,0.0,164
SCH,2007-05-20,19.2,0.0,164
SCH,2007-05-21,22.1,0.0,164
SCH,2007-05-22,21.1,0.0,164
SCH,2007-05-23,16.3,0.0,164
SCH,2007-05-24,17.9,1.1,164
SCH,2007-05-25,22.7,11.1,164
SCH,2007-05-26,18.7,2.0,164
SCH,2007-05-27,18.4,2.7,164
SCH,2007-05-28,18.6,3.6,164
SCH,2007-05-29,19.2,0.5,164
SCH,2007-05-30,12.7,0.0,164
SCH,2007-05-31,14.2,0.0,164
SCH,2007-06-01,16.2,0.0,164
SCH,2007-06-02,14.7,0.0,164
SCH,2007-06-03,14.9,0.0,164
SCH,2007-06-04,16.0,9.3,164
SCH,2007-06-05,17.7,14.2,164
SCH,2007-06-06,20.4,0.0,164
SCH,2007-06-07,21.8,0.8,164
SCH,2007-06-08,22.8,0.0,164
SCH,2007-06-09,21.0,0.9,164
SCH,2007-06-10,20.9,0.0,164
SCH,2007-06-11,21.6,0.0,164
SCH,2007-06-12,22.5,1.7,164
SCH,2007-06-13,19.1,0.0,164
SCH,2007-06-14,19.6,25.3,164
SCH,2007-06-15,19.2,6.2,164
SCH,2007-06-16,17.8,4.0,164
SCH,2007-06-17,18.8,0.0,164
SCH,2007-06-18,16.4,7.6,164
SCH,2007-06-19,18.1,0.0,164
SCH,2007-06-20,21.1,0.0,164
SCH,2007-06-21,19.5,39.4,164
SCH,2007-06-22,17.1,3.1,164
SCH,2007-06-23,16.0,5.8,164
SCH,2007-06-24,17.5,0.1,164
SCH,2007-06-25,19.6,2.8,164
SCH,2007-06-26,15.7,4.4,164
SCH,2007-06-27,12.6,1.7,164
SCH,2007-06-28,14.1,0.0,164
SCH,2007-06-29,15.0,0.5,164
SCH,2007-06-30,15.9,0.3,164
SCH,2007-07-01,17.3,0.0,164
SCH,2007-07-02,18.9,3.4,164
SCH,2007-07-03,17.7,0.1,164
SCH,2007-07-04,13.9,15.8,164
SCH,2007-07-05,14.5,2.2,164
SCH,2007-07-06,15.9,1.5,164
SCH,2007-07-07,15.8,0.7,164
SCH,2007-07-08,16.3,0.0,164
SCH,2007-07-09,14.8,4.2,164
SCH,2007-07-10,14.2,2.7,164
SCH,2007-07-11,13.8,7.0,164
SCH,2007-07-12,15.2,5.3,164
SCH,2007-07-13,17.3,2.4,164
SCH,2007-07-14,22.9,0.0,164
SCH,2007-07-15,24.2,0.0,164
SCH,2007-07-16,27.6,1.7,164
SCH,2007-07-17,23.1,0.6,164
SCH,2007-07-18,21.1,0.0,164
SCH,2007-07-19,20.5,0.4,164
SCH,2007-07-20,21.0,0.0,164
SCH,2007-07-21,20.6,0.0,164
SCH,2007-07-22,16.2,37.9,164
SCH,2007-07-23,17.9,0.0,164
SCH,2007-07-24,18.1,6.1,164
SCH,2007-07-25,16.5,0.0,164
SCH,2007-07-26,20.0,0.0,164
SCH,2007-07-27,19.8,0.1,164
SCH,2007-07-28,16.8,0.4,164
SCH,2007-07-29,14.8,7.5,164
SCH,2007-07-30,13.5,0.0,164
SCH,2007-07-31,13.9,0.0,164
SCH,2007-08-01,14.6,0.0,164
SCH,2007-08-02,17.9,0.4,164
SCH,2007-08-03,16.4,0.0,164
SCH,2007-08-04,16.5,0.0,164
SCH,2007-08-05,18.9,0.0,164
SCH,2007-08-06,19.3,0.0,164
SCH,2007-08-07,21.8,0.0,164
SCH,2007-08-08,22.2,0.0,164
SCH,2007-08-09,22.7,0.0,164
SCH,2007-08-10,20.4,5.0,164
SCH,2007-08-11,19.7,13.4,164
SCH,2007-08-12,17.5,0.5,164
SCH,2007-08-13,19.0,0.0,164
SCH,2007-08-14,19.2,0.0,164
SCH,2007-08-15,21.4,4.5,164
SCH,2007-08-16,20.1,4.2,164
SCH,2007-08-17,15.5,0.0,164
SCH,2007-08-18,15.8,0.0,164
SCH,2007-08-19,18.4,0.0,164
SCH,2007-08-20,19.2,52.8,164
SCH,2007-08-21,18.8,0.6,164
SCH,2007-08-22,17.4,0.3,164
SCH,2007-08-23,18.9,0.2,164
SCH,2007-08-24,19.6,1.5,164
SCH,2007-08-25,19.1,0.0,164
SCH,2007-08-26,18.1,0.0,164
SCH,2007-08-27,14.2,0.0,164
SCH,2007-08-28,13.3,0.0,164
SCH,2007-08-29,12.3,0.0,164
SCH,2007-08-30,13.1,0.9,164
SCH,2007-08-31,14.3,1.2,164
SCH,2007-09-01,14.7,0.2,164
SCH,2007-09-02,16.1,3.7,164
SCH,2007-09-03,13.3,12.6,164
SCH,2007-09-04,9.4,3.8,164
SCH,2007-09-05,11.2,0.0,164
SCH,2007-09-06,11.9,0.0,164
SCH,2007-09-07,14.2,0.0,164
SCH,2007-09-08,14.8,0.1,164
SCH,2007-09-09,14.2,0.3,164
SCH,2007-09-10,11.5,10.0,164
SCH,2007-09-11,13.0,0.0,164
SCH,2007-09-12,13.3,0.0,164
SCH,2007-09-13,12.1,0.0,164
SCH,2007-09-14,12.6,0.0,164
SCH,2007-09-15,11.9,0.0,164
SCH,2007-09-16,13.6,0.0,164
SCH,2007-09-17,16.8,3.0,164
SCH,2007-09-18,11.6,8.0,164
SCH,2007-09-19,9.6,0.0,164
SCH,2007-09-20,12.3,0.3,164
SCH,2007-09-21,14.7,0.0,164
SCH,2007-09-22,14.6,0.0,164
SCH,2007-09-23,15.8,0.0,164
SCH,2007-09-24,16.6,0.0,164
SCH,2007-09-25,12.1,1.5,164
SCH,2007-09-26,11.9,0.1,164
SCH,2007-09-27,12.7,11.3,164
SCH,2007-09-28,14.6,11.5,164
SCH,2007-09-29,11.9,3.9,164
SCH,2007-09-30,13.0,0.0,164
SCH,2007-10-01,12.2,1.5,164
SCH,2007-10-02,12.0,0.0,164
SCH,2007-10-03,10.3,0.0,164
SCH,2007-10-04,11.1,0.3,164
SCH,2007-10-05,11.5,0.0,164
SCH,2007-10-06,9.0,0.0,164
SCH,2007-10-07,10.6,0.0,164
SCH,2007-10-08,9.3,0.0,164
SCH,2007-10-09,8.8,0.0,164
SCH,2007-10-10,7.9,0.0,164
SCH,2007-10-11,8.9,0.5,164
SCH,2007-10-12,11.3,0.1,164
SCH,2007-10-13,6.6,0.0,164
SCH,2007-10-14,5.6,0.0,164
SCH,2007-10-15,8.6,0.0,164
SCH,2007-10-16,11.6,0.0,164
SCH,2007-10-17,12.7,2.7,164
SCH,2007-10-18,8.1,0.4,164
SCH,2007-10-19,4.8,1.3,164
SCH,2007-10-20,4.8,0.4,164
SCH,2007-10-21,3.8,0.0,164
SCH,2007-10-22,1.6,0.0,164
SCH,2007-10-23,4.0,0.0,164
SCH,2007-10-24,6.8,0.0,164
SCH,2007-10-25,7.2,0.0,164
SCH,2007-10-26,8.0,0.3,164
SCH,2007-10-27,8.0,0.1,164
SCH,2007-10-28,7.1,0.0,164
SCH,2007-10-29,6.9,0.0,164
SCH,2007-10-30,7.5,0.5,164
SCH,2007-10-31,8.0,0.0,164
SCH,2007-11-01,10.1,0.1,164
SCH,2007-11-02,10.0,0.7,164
SCH,2007-11-03,9.6,0.3,164
SCH,2007-11-04,7.4,0.0,164
SCH,2007-11-05,2.5,4.9,164
SCH,2007-11-06,5.0,4.1,164
SCH,2007-11-07,5.7,7.0,164
SCH,2007-11-08,7.7,4.1,164
SCH,2007-11-09,5.1,3.2,164
SCH,2007-11-10,2.3,0.0,164
SCH,2007-11-11,1.5,2.5,164
SCH,2007-11-12,2.0,0.0,164
SCH,2007-11-13,1.9,0.0,164
SCH,2007-11-14,1.1,0.1,164
SCH,2007-11-15,1.4,0.0,164
SCH,2007-11-16,0.7,0.2,164
SCH,2007-11-17,5.7,1.0,164
SCH,2007-11-18,4.1,0.0,164
SCH,2007-11-19,1.0,0.0,164
SCH,2007-11-20,1.3,0.0,164
SCH,2007-11-21,0.7,0.0,164
SCH,2007-11-22,3.3,0.0,164
SCH,2007-11-23,5.2,0.6,164
SCH,2007-11-24,2.6,2.9,164
SCH,2007-11-25,3.1,1.0,164
SCH,2007-11-26,1.4,0.0,164
SCH,2007-11-27,0.7,0.0,164
SCH,2007-11-28,-0.5,0.0,164
SCH,2007-11-29,1.5,3.0,164
SCH,2007-11-30,5.2,0.2,164
SCH,2007-12-01,6.3,3.5,164
SCH,2007-12-02,6.1,9.6,164
SCH,2007-12-03,6.2,5.4,164
SCH,2007-12-04,4.8,0.0,164
SCH,2007-12-05,6.8,0.0,164
SCH,2007-12-06,9.0,4.5,164
SCH,2007-12-07,9.1,4.9,164
SCH,2007-12-08,5.8,0.5,164
SCH,2007-12-09,4.0,0.5,164
SCH,2007-12-10,2.5,0.0,164
SCH,2007-12-11,4.0,3.1,164
SCH,2007-12-12,5.1,0.0,164
SCH,2007-12-13,2.9,0.0,164
SCH,2007-12-14,1.3,0.2,164
SCH,2007-12-15,-1.6,0.0,164
SCH,2007-12-16,-0.5,0.0,164
SCH,2007-12-17,0.4,0.0,164
SCH,2007-12-18,-0.4,0.0,164
SCH,2007-12-19,0.2,0.0,164
SCH,2007-12-20,-2.1,0.0,164
SCH,2007-12-21,-4.7,0.0,164
SCH,2007-12-22,-5.8,0.0,164
SCH,2007-12-23,-3.7,0.0,164
SCH,2007-12-24,0.1,0.0,164
SCH,2007-12-25,-0.7,0.0,164
SCH,2007-12-26,-1.3,0.0,164
SCH,2007-12-27,0.3,0.0,164
SCH,2007-12-28,2.9,0.0,164
SCH,2007-12-29,2.2,0.0,164
SCH,2007-12-30,2.5,0.3,164
SCH,2007-12-31,1.8,0.1,164
SCH,2008-01-01,0.6,0.7,164
SCH,2008-01-02,-1.3,0.2,164
SCH,2008-01-03,-5.4,0.0,164
SCH,2008-01-04,-6.6,0.0,164
SCH,2008-01-05,-2.6,0.7,164
SCH,2008-01-06,-0.5,2.6,164
SCH,2008-01-07,1.6,2.0,164
SCH,2008-01-08,4.2,0.0,164
SCH,2008-01-09,1.4,0.9,164
SCH,2008-01-10,3.2,0.0,164
SCH,2008-01-11,6.1,0.0,164
SCH,2008-01-12,3.5,0.0,164
SCH,2008-01-13,2.5,0.0,164
SCH,2008-01-14,2.4,0.0,164
SCH,2008-01-15,4.6,0.2,164
SCH,2008-01-16,5.7,0.0,164
SCH,2008-01-17,3.2,2.3,164
SCH,2008-01-18,6.1,4.7,164
SCH,2008-01-19,8.7,3.2,164
SCH,2008-01-20,6.5,23.4,164
SCH,2008-01-21,6.4,19.8,164
SCH,2008-01-22,2.1,0.4,164
SCH,2008-01-23,1.6,1.1,164
SCH,2008-01-24,6.6,2.9,164
SCH,2008-01-25,5.5,0.1,164
SCH,2008-01-26,7.0,1.9,164
SCH,2008-01-27,4.4,3.4,164
SCH,2008-01-28,2.8,0.7,164
SCH,2008-01-29,6.1,0.0,164
SCH,2008-01-30,4.3,1.3,164
SCH,2008-01-31,2.8,1.0,164
SCH,2008-02-01,5.2,0.0,164
SCH,2008-02-02,2.9,0.0,164
SCH,2008-02-03,1.1,0.0,164
SCH,2008-02-04,2.4,0.0,164
SCH,2008-02-05,5.2,1.5,164
SCH,2008-02-06,7.0,6.9,164
SCH,2008-02-07,4.7,0.0,164
SCH,2008-02-08,5.5,0.2,164
SCH,2008-02-09,6.5,0.0,164
SCH,2008-02-10,5.0,0.0,164
SCH,2008-02-11,3.2,0.0,164
SCH,2008-02-12,4.3,0.0,164
SCH,2008-02-13,3.4,0.0,164
SCH,2008-02-14,1.7,0.0,164
SCH,2008-02-15,-1.4,0.0,164
SCH,2008-02-16,-2.2,0.0,164
SCH,2008-02-17,-0.2,0.1,164
SCH,2008-02-18,4.3,0.0,164
SCH,2008-02-19,4.9,0.2,164
SCH,2008-02-20,5.0,0.0,164
SCH,2008-02-21,5.4,0.2,164
SCH,2008-02-22,9.0,1.5,164
SCH,2008-02-23,7.7,0.0,164
SCH,2008-02-24,8.9,0.9,164
SCH,2008-02-25,6.5,2.5,164
SCH,2008-02-26,8.3,0.5,164
SCH,2008-02-27,6.6,1.0,164
SCH,2008-02-28,5.8,0.0,164
SCH,2008-02-29,6.1,4.2,164
SCH,2008-03-01,6.2,7.3,164
SCH,2008-03-02,5.6,0.8,164
SCH,2008-03-03,4.4,1.1,164
SCH,2008-03-04,1.8,1.9,164
SCH,2008-03-05,0.7,1.4,164
SCH,2008-03-06,4.0,0.3,164
SCH,2008-03-07,7.5,0.0,164
SCH,2008-03-08,6.6,0.0,164
SCH,2008-03-09,6.9,0.0,164
SCH,2008-03-10,8.2,0.0,164
SCH,2008-03-11,8.1,2.3,164
SCH,2008-03-12,6.5,11.0,164
SCH,2008-03-13,5.8,1.1,164
SCH,2008-03-14,5.3,3.7,164
SCH,2008-03-15,6.0,0.0,164
SCH,2008-03-16,5.0,5.7,164
SCH,2008-03-17,2.7,0.1,164
SCH,2008-03-18,2.0,0.0,164
SCH,2008-03-19,0.3,0.5,164
SCH,2008-03-20,1.8,3.2,164
SCH,2008-03-21,3.0,14.9,164
SCH,2008-03-22,2.1,0.7,164
SCH,2008-03-23,-1.0,0.0,164
SCH,2008-03-24,0.4,0.0,164
SCH,2008-03-25,0.3,0.5,164
SCH,2008-03-26,1.0,0.3,164
SCH,2008-03-27,1.3,0.0,164
SCH,2008-03-28,5.9,0.3,164
SCH,2008-03-29,6.0,3.4,164
SCH,2008-03-30,8.1,0.0,164
SCH,2008-03-31,10.9,0.0,164
SCH,2008-04-01,10.1,0.4,164
SCH,2008-04-02,7.8,1.5,164
SCH,2008-04-03,7.6,0.0,164
SCH,2008-04-04,5.7,0.0,164
SCH,2008-04-05,6.3,1.6,164
SCH,2008-04-06,5.0,0.7,164
SCH,2008-04-07,3.7,8.6,164
SCH,2008-04-08,4.4,0.2,164
SCH,2008-04-09,2.8,13.3,164
SCH,2008-04-10,3.0,0.3,164
SCH,2008-04-11,5.0,19.5,164
SCH,2008-04-12,7.9,1.0,164
SCH,2008-04-13,9.3,2.5,164
SCH,2008-04-14,8.2,2.8,164
SCH,2008-04-15,7.1,2.9,164
SCH,2008-04-16,6.4,7.0,164
SCH,2008-04-17,5.8,3.9,164
SCH,2008-04-18,5.3,0.0,164
SCH,2008-04-19,4.9,0.0,164
SCH,2008-04-20,7.5,0.0,164
SCH,2008-04-21,9.6,0.0,164
SCH,2008-04-22,9.9,0.0,164
SCH,2008-04-23,9.2,0.0,164
SCH,2008-04-24,11.4,0.1,164
SCH,2008-04-25,10.1,0.2,164
SCH,2008-04-26,11.5,0.0,164
SCH,2008-04-27,13.4,0.0,164
SCH,2008-04-28,15.9,0.0,164
SCH,2008-04-29,16.1,0.0,164
SCH,2008-04-30,13.8,0.0,164
SCH,2008-05-01,12.4,0.3,164
SCH,2008-05-02,11.8,0.0,164
SCH,2008-05-03,11.6,0.1,164
SCH,2008-05-04,11.3,0.0,164
SCH,2008-05-05,13.9,0.0,164
SCH,2008-05-06,14.0,0.0,164
SCH,2008-05-07,15.0,0.0,164
SCH,2008-05-08,15.0,0.0,164
SCH,2008-05-09,15.0,0.0,164
SCH,2008-05-10,16.1,0.0,164
SCH,2008-05-11,17.2,0.0,164
SCH,2008-05-12,17.0,0.0,164
SCH,2008-05-13,11.7,0.0,164
SCH,2008-05-14,12.4,0.0,164
SCH,2008-05-15,14.9,0.0,164
SCH,2008-05-16,14.9,6.2,164
SCH,2008-05-17,15.0,16.5,164
SCH,2008-05-18,10.9,0.0,164
SCH,2008-05-19,10.5,0.0,164
SCH,2008-05-20,11.2,0.0,164
SCH,2008-05-21,11.4,0.0,164
SCH,2008-05-22,13.1,0.0,164
SCH,2008-05-23,14.1,0.0,164
SCH,2008-05-24,13.4,0.0,164
SCH,2008-05-25,14.4,0.0,164
SCH,2008-05-26,16.0,0.1,164
SCH,2008-05-27,13.8,0.0,164
SCH,2008-05-28,15.7,0.0,164
SCH,2008-05-29,17.2,0.0,164
SCH,2008-05-30,20.0,0.0,164
SCH,2008-05-31,20.9,0.0,164
SCH,2008-06-01,20.9,0.0,164
SCH,2008-06-02,21.9,0.0,164
SCH,2008-06-03,21.6,0.0,164
SCH,2008-06-04,18.7,0.0,164
SCH,2008-06-05,18.4,0.0,164
SCH,2008-06-06,19.2,0.0,164
SCH,2008-06-07,20.8,0.0,164
SCH,2008-06-08,19.8,0.0,164
SCH,2008-06-09,19.9,0.0,164
SCH,2008-06-10,20.5,0.0,164
SCH,2008-06-11,15.2,0.2,164
SCH,2008-06-12,13.8,3.5,164
SCH,2008-06-13,11.5,11.4,164
SCH,2008-06-14,12.9,0.0,164
SCH,2008-06-15,13.3,0.0,164
SCH,2008-06-16,13.1,1.3,164
SCH,2008-06-17,15.1,0.0,164
SCH,2008-06-18,18.0,0.0,164
SCH,2008-06-19,20.4,2.1,164
SCH,2008-06-20,17.5,0.0,164
SCH,2008-06-21,16.7,0.0,164
SCH,2008-06-22,20.7,11.1,164
SCH,2008-06-23,18.2,0.0,164
SCH,2008-06-24,14.7,0.0,164
SCH,2008-06-25,17.4,0.7,164
SCH,2008-06-26,19.6,0.0,164
SCH,2008-06-27,15.7,1.2,164
SCH,2008-06-28,15.4,2.1,164
SCH,2008-06-29,19.3,0.0,164
SCH,2008-06-30,18.6,0.0,164
SCH,2008-07-01,18.5,0.0,164
SCH,2008-07-02,21.3,0.0,164
SCH,2008-07-03,24.0,0.0,164
SCH,2008-07-04,18.9,0.0,164
SCH,2008-07-05,18.9,0.0,164
SCH,2008-07-06,21.3,2.0,164
SCH,2008-07-07,18.7,1.8,164
SCH,2008-07-08,16.6,2.2,164
SCH,2008-07-09,14.7,2.8,164
SCH,2008-07-10,16.4,2.1,164
SCH,2008-07-11,19.7,3.4,164
SCH,2008-07-12,19.2,0.0,164
SCH,2008-07-13,16.0,0.0,164
SCH,2008-07-14,16.5,0.0,164
SCH,2008-07-15,18.7,0.0,164
SCH,2008-07-16,17.3,5.2,164
SCH,2008-07-17,15.1,0.2,164
SCH,2008-07-18,15.9,1.4,164
SCH,2008-07-19,17.6,0.4,164
SCH,2008-07-20,16.3,0.4,164
SCH,2008-07-21,12.9,1.6,164
SCH,2008-07-22,14.7,0.0,164
SCH,2008-07-23,17.2,0.0,164
SCH,2008-07-24,19.6,0.0,164
SCH,2008-07-25,22.8,0.0,164
SCH,2008-07-26,24.1,0.0,164
SCH,2008-07-27,24.3,0.0,164
SCH,2008-07-28,24.1,0.0,164
SCH,2008-07-29,24.1,0.0,164
SCH,2008-07-30,22.1,0.0,164
SCH,2008-07-31,22.4,0.0,164
SCH,2008-08-01,22.9,8.8,164
SCH,2008-08-02,19.2,0.6,164
SCH,2008-08-03,20.3,0.0,164
SCH,2008-08-04,18.5,2.3,164
SCH,2008-08-05,17.2,2.5,164
SCH,2008-08-06,18.6,0.0,164
SCH,2008-08-07,24.3,0.0,164
SCH,2008-08-08,20.5,5.1,164
SCH,2008-08-09,16.9,0.0,164
SCH,2008-08-10,16.4,2.1,164
SCH,2008-08-11,19.4,0.1,164
SCH,2008-08-12,20.0,0.0,164
SCH,2008-08-13,20.7,0.0,164
SCH,2008-08-14,18.6,0.0,164
SCH,2008-08-15,14.8,7.7,164
SCH,2008-08-16,16.0,6.1,164
SCH,2008-08-17,16.8,0.0,164
SCH,2008-08-18,16.5,0.6,164
SCH,2008-08-19,20.5,0.0,164
SCH,2008-08-20,18.3,1.1,164
SCH,2008-08-21,18.6,0.0,164
SCH,2008-08-22,18.6,2.5,164
SCH,2008-08-23,15.8,0.0,164
SCH,2008-08-24,13.7,0.0,164
SCH,2008-08-25,16.7,0.0,164
SCH,2008-08-26,18.4,0.0,164
SCH,2008-08-27,18.7,0.1,164
SCH,2008-08-28,17.3,1.7,164
SCH,2008-08-29,16.4,1.3,164
SCH,2008-08-30,15.5,0.0,164
SCH,2008-08-31,16.7,0.0,164
SCH,2008-09-01,18.7,8.8,164
SCH,2008-09-02,18.3,0.0,164
SCH,2008-09-03,17.2,8.8,164
SCH,2008-09-04,14.5,0.2,164
SCH,2008-09-05,15.9,0.1,164
SCH,2008-09-06,19.6,19.1,164
SCH,2008-09-07,16.8,0.2,164
SCH,2008-09-08,16.4,0.5,164
SCH,2008-09-09,16.1,0.0,164
SCH,2008-09-10,17.8,0.0,164
SCH,2008-09-11,16.3,0.0,164
SCH,2008-09-12,12.0,0.0,164
SCH,2008-09-13,10.2,0.0,164
SCH,2008-09-14,10.7,0.0,164
SCH,2008-09-15,11.7,0.0,164
SCH,2008-09-16,9.4,0.0,164
SCH,2008-09-17,9.6,0.0,164
SCH,2008-09-18,10.3,0.0,164
SCH,2008-09-19,10.7,0.0,164
SCH,2008-09-20,12.3,0.0,164
SCH,2008-09-21,12.6,0.6,164
SCH,2008-09-22,11.4,4.5,164
SCH,2008-09-23,11.7,3.7,164
SCH,2008-09-24,12.5,0.0,164
SCH,2008-09-25,11.7,0.0,164
SCH,2008-09-26,10.6,0.0,164
SCH,2008-09-27,11.6,0.0,164
SCH,2008-09-28,12.9,3.7,164
SCH,2008-09-29,11.3,2.7,164
SCH,2008-09-30,10.2,5.2,164
SCH,2008-10-01,11.1,9.5,164
SCH,2008-10-02,10.2,0.0,164
SCH,2008-10-03,7.9,0.0,164
SCH,2008-10-04,6.7,0.0,164
SCH,2008-10-05,8.5,3.3,164
SCH,2008-10-06,10.9,0.1,164
SCH,2008-10-07,8.8,0.0,164
SCH,2008-10-08,9.2,0.0,164
SCH,2008-10-09,10.9,0.2,164
SCH,2008-10-10,10.0,0.0,164
SCH,2008-10-11,12.9,0.0,164
SCH,2008-10-12,11.3,0.0,164
SCH,2008-10-13,11.8,0.0,164
SCH,2008-10-14,14.5,0.0,164
SCH,2008-10-15,12.1,2.5,164
SCH,2008-10-16,11.3,2.9,164
SCH,2008-10-17,8.5,0.0,164
SCH,2008-10-18,8.7,0.0,164
SCH,2008-10-19,10.2,0.0,164
SCH,2008-10-20,11.0,0.0,164
SCH,2008-10-21,13.1,1.6,164
SCH,2008-10-22,9.4,0.0,164
SCH,2008-10-23,8.1,0.0,164
SCH,2008-10-24,6.7,0.0,164
SCH,2008-10-25,8.8,0.0,164
SCH,2008-10-26,10.6,5.2,164
SCH,2008-10-27,9.9,2.2,164
SCH,2008-10-28,6.1,1.2,164
SCH,2008-10-29,5.7,7.9,164
SCH,2008-10-30,4.8,21.6,164
SCH,2008-10-31,4.0,0.0,164
SCH,2008-11-01,4.8,0.0,164
SCH,2008-11-02,4.4,0.0,164
SCH,2008-11-03,6.9,0.0,164
SCH,2008-11-04,8.6,0.0,164
SCH,2008-11-05,9.4,0.1,164
SCH,2008-11-06,9.8,0.5,164
SCH,2008-11-07,10.0,0.0,164
SCH,2008-11-08,9.7,0.5,164
SCH,2008-11-09,9.3,1.1,164
SCH,2008-11-10,12.3,0.0,164
SCH,2008-11-11,11.9,0.0,164
SCH,2008-11-12,7.1,0.0,164
SCH,2008-11-13,5.7,0.0,164
SCH,2008-11-14,5.2,0.1,164
SCH,2008-11-15,10.0,0.5,164
SCH,2008-11-16,8.1,1.3,164
SCH,2008-11-17,4.1,0.0,164
SCH,2008-11-18,3.1,3.9,164
SCH,2008-11-19,6.0,6.2,164
SCH,2008-11-20,7.1,6.4,164
SCH,2008-11-21,1.6,0.8,164
SCH,2008-11-22,-1.0,0.1,164
SCH,2008-11-23,0.1,0.0,164
SCH,2008-11-24,-0.5,0.0,164
SCH,2008-11-25,0.0,0.2,164
SCH,2008-11-26,2.2,0.4,164
SCH,2008-11-27,5.5,0.0,164
SCH,2008-11-28,2.5,0.1,164
SCH,2008-11-29,0.9,1.2,164
SCH,2008-11-30,0.3,0.0,164
SCH,2008-12-01,1.2,8.4,164
SCH,2008-12-02,3.6,4.1,164
SCH,2008-12-03,0.9,3.5,164
SCH,2008-12-04,1.6,0.2,164
SCH,2008-12-05,3.1,0.0,164
SCH,2008-12-06,2.6,0.2,164
SCH,2008-12-07,3.7,0.5,164
SCH,2008-12-08,4.1,0.0,164
SCH,2008-12-09,0.6,0.0,164
SCH,2008-12-10,1.0,0.7,164
SCH,2008-12-11,1.3,3.6,164
SCH,2008-12-12,0.9,0.0,164
SCH,2008-12-13,1.9,0.0,164
SCH,2008-12-14,1.9,0.0,164
SCH,2008-12-15,2.0,0.0,164
SCH,2008-12-16,1.6,0.0,164
SCH,2008-12-17,2.6,0.4,164
SCH,2008-12-18,2.2,0.0,164
SCH,2008-12-19,3.1,3.4,164
SCH,2008-12-20,4.8,1.1,164
SCH,2008-12-21,5.6,1.2,164
SCH,2008-12-22,7.5,1.3,164
SCH,2008-12-23,3.3,0.8,164
SCH,2008-12-24,4.0,1.6,164
SCH,2008-12-25,-0.6,0.0,164
SCH,2008-12-26,-2.2,0.0,164
SCH,2008-12-27,-0.1,0.0,164
SCH,2008-12-28,-1.1,0.0,164
SCH,2008-12-29,-2.5,0.0,164
SCH,2008-12-30,-3.6,0.0,164
SCH,2008-12-31,-5.7,0.0,164
ALB,2006-01-01,0.3,0.0,3402
ALB,2006-01-02,-0.4,0.0,3402
ALB,2006-01-03,-1.1,0.1,3402
ALB,2006-01-04,-2.3,0.1,3402
ALB,2006-01-05,-3.2,0.0,3402
ALB,2006-01-06,-3.9,0.0,3402
ALB,2006-01-07,-5.0,0.0,3402
ALB,2006-01-08,-5.9,0.0,3402
ALB,2006-01-09,-7.7,0.0,3402
ALB,2006-01-10,-9.6,0.0,3402
ALB,2006-01-11,-8.5,0.0,3402
ALB,2006-01-12,-2.7,0.0,3402
ALB,2006-01-13,-7.8,0.0,3402
ALB,2006-01-14,-7.8,0.0,3402
ALB,2006-01-15,-11.2,0.0,3402
ALB,2006-01-16,-5.7,1.4,3402
ALB,2006-01-17,-1.0,8.2,3402
ALB,2006-01-18,0.8,1.8,3402
ALB,2006-01-19,-2.0,0.0,3402
ALB,2006-01-20,-2.2,2.0,3402
ALB,2006-01-21,0.7,3.5,3402
ALB,2006-01-22,-1.5,0.2,3402
ALB,2006-01-23,-9.8,0.0,3402
ALB,2006-01-24,-10.3,0.0,3402
ALB,2006-01-25,-7.2,0.1,3402
ALB,2006-01-26,-5.0,0.6,3402
ALB,2006-01-27,-8.8,0.0,3402
ALB,2006-01-28,-3.8,0.0,3402
ALB,2006-01-29,-2.2,0.0,3402
ALB,2006-01-30,-3.4,0.0,3402
ALB,2006-01-31,-0.8,0.0,3402
ALB,2006-02-01,-2.9,0.0,3402
ALB,2006-02-02,-3.5,0.0,3402
ALB,2006-02-03,-5.3,0.0,3402
ALB,2006-02-04,-9.0,0.0,3402
ALB,2006-02-05,-4.9,0.4,3402
ALB,2006-02-06,-3.1,0.2,3402
ALB,2006-02-07,-0.1,0.8,3402
ALB,2006-02-08,-0.3,3.4,3402
ALB,2006-02-09,-1.9,0.7,3402
ALB,2006-02-10,-2.7,9.6,3402
ALB,2006-02-11,-4.2,0.0,3402
ALB,2006-02-12,-7.7,0.0,3402
ALB,2006-02-13,-6.7,0.0,3402
ALB,2006-02-14,-1.8,0.2,3402
ALB,2006-02-15,0.9,5.6,3402
ALB,2006-02-16,3.4,2.9,3402
ALB,2006-02-17,1.5,3.2,3402
ALB,2006-02-18,1.8,3.6,3402
ALB,2006-02-19,2.1,0.0,3402
ALB,2006-02-20,1.6,1.2,3402
ALB,2006-02-21,1.6,0.0,3402
ALB,2006-02-22,-0.3,0.0,3402
ALB,2006-02-23,-2.0,0.1,3402
ALB,2006-02-24,-1.7,0.0,3402
ALB,2006-02-25,-2.9,1.7,3402
ALB,2006-02-26,-5.0,0.3,3402
ALB,2006-02-27,-6.9,0.0,3402
ALB,2006-02-28,-5.2,2.8,3402
ALB,2006-03-01,-5.2,2.4,3402
ALB,2006-03-02,-6.8,4.0,3402
ALB,2006-03-03,-1.0,24.6,3402
ALB,2006-03-04,-3.0,17.9,3402
ALB,2006-03-05,-4.8,0.4,3402
ALB,2006-03-06,-4.7,1.7,3402
ALB,2006-03-07,-4.4,1.7,3402
ALB,2006-03-08,-4.3,9.4,3402
ALB,2006-03-09,4.0,3.8,3402
ALB,2006-03-10,1.2,1.2,3402
ALB,2006-03-11,-1.2,6.1,3402
ALB,2006-03-12,-8.0,0.6,3402
ALB,2006-03-13,-7.6,0.0,3402
ALB,2006-03-14,-5.6,0.0,3402
ALB,2006-03-15,-4.1,0.0,3402
ALB,2006-03-16,-3.6,0.4,3402
ALB,2006-03-17,-2.2,0.0,3402
ALB,2006-03-18,-1.0,0.0,3402
ALB,2006-03-19,-0.2,0.0,3402
ALB,2006-03-20,2.1,0.0,3402
ALB,2006-03-21,4.9,3.2,3402
ALB,2006-03-22,1.6,1.9,3402
ALB,2006-03-23,-0.5,0.1,3402
ALB,2006-03-24,1.4,1.3,3402
ALB,2006-03-25,6.6,5.8,3402
ALB,2006-03-26,8.7,0.1,3402
ALB,2006-03-27,10.9,3.4,3402
ALB,2006-03-28,5.8,4.8,3402
ALB,2006-03-29,4.0,1.3,3402
ALB,2006-03-30,5.7,3.4,3402
ALB,2006-03-31,9.4,0.7,3402
ALB,2006-04-01,8.3,1.4,3402
ALB,2006-04-02,7.0,3.7,3402
ALB,2006-04-03,4.2,6.3,3402
ALB,2006-04-04,4.2,1.1,3402
ALB,2006-04-05,-0.1,13.8,3402
ALB,2006-04-06,-0.9,0.0,3402
ALB,2006-04-07,1.6,0.0,3402
ALB,2006-04-08,6.2,0.5,3402
ALB,2006-04-09,4.0,20.1,3402
ALB,2006-04-10,0.2,18.8,3402
ALB,2006-04-11,0.2,0.4,3402
ALB,2006-04-12,0.7,1.9,3402
ALB,2006-04-13,2.2,1.7,3402
ALB,2006-04-14,6.4,0.0,3402
ALB,2006-04-15,7.8,3.5,3402
ALB,2006-04-16,8.6,0.6,3402
ALB,2006-04-17,7.4,4.2,3402
ALB,2006-04-18,8.1,0.0,3402
ALB,2006-04-19,7.6,2.7,3402
ALB,2006-04-20,9.8,0.0,3402
ALB,2006-04-21,12.4,0.0,3402
ALB,2006-04-22,11.2,0.7,3402
ALB,2006-04-23,10.4,0.0,3402
ALB,2006-04-24,12.2,0.7,3402
ALB,2006-04-25,11.8,9.1,3402
ALB,2006-04-26,10.2,5.6,3402
ALB,2006-04-27,9.5,8.7,3402
ALB,2006-04-28,7.7,0.6,3402
ALB,2006-04-29,3.3,0.0,3402
ALB,2006-04-30,3.3,0.0,3402
ALB,2006-05-01,7.9,0.0,3402
ALB,2006-05-02,11.5,0.0,3402
ALB,2006-05-03,14.6,0.0,3402
ALB,2006-05-04,15.2,0.0,3402
ALB,2006-05-05,13.7,0.0,3402
ALB,2006-05-06,13.0,0.0,3402
ALB,2006-05-07,12.9,0.0,3402
ALB,2006-05-08,13.2,1.3,3402
ALB,2006-05-09,7.2,5.9,3402
ALB,2006-05-10,9.5,0.0,3402
ALB,2006-05-11,12.1,0.0,3402
ALB,2006-05-12,12.8,7.8,3402
ALB,2006-05-13,12.5,3.8,3402
ALB,2006-05-14,11.1,0.3,3402
ALB,2006-05-15,13.8,0.6,3402
ALB,2006-05-16,14.4,13.9,3402
ALB,2006-05-17,15.2,0.0,3402
ALB,2006-05-18,13.7,18.2,3402
ALB,2006-05-19,11.5,0.0,3402
ALB,2006-05-20,10.5,2.0,3402
ALB,2006-05-21,11.2,0.0,3402
ALB,2006-05-22,13.7,7.5,3402
ALB,2006-05-23,10.4,0.0,3402
ALB,2006-05-24,9.7,0.0,3402
ALB,2006-05-25,9.1,2.1,3402
ALB,2006-05-26,12.6,3.8,3402
ALB,2006-05-27,15.1,0.3,3402
ALB,2006-05-28,13.4,11.7,3402
ALB,2006-05-29,7.5,26.2,3402
ALB,2006-05-30,4.0,3.8,3402
ALB,2006-05-31,4.9,3.1,3402
ALB,2006-06-01,4.2,10.6,3402
ALB,2006-06-02,5.7,0.0,3402
ALB,2006-06-03,8.3,1.1,3402
ALB,2006-06-04,8.6,2.9,3402
ALB,2006-06-05,8.2,2.6,3402
ALB,2006-06-06,7.7,0.0,3402
ALB,2006-06-07,9.0,0.0,3402
ALB,2006-06-08,11.4,0.0,3402
ALB,2006-06-09,13.5,0.0,3402
ALB,2006-06-10,15.8,0.0,3402
ALB,2006-06-11,15.6,0.0,3402
ALB,2006-06-12,17.4,0.0,3402
ALB,2006-06-13,19.1,0.0,3402
ALB,2006-06-14,20.2,0.0,3402
ALB,2006-06-15,21.2,0.0,3402
ALB,2006-06-16,20.1,0.0,3402
ALB,2006-06-17,18.1,2.7,3402
ALB,2006-06-18,19.3,7.9,3402
ALB,2006-06-19,18.8,0.9,3402
ALB,2006-06-20,20.3,0.0,3402
ALB,2006-06-21,20.2,0.7,3402
ALB,2006-06-22,15.7,0.0,3402
ALB,2006-06-23,15.6,0.0,3402
ALB,2006-06-24,20.1,0.0,3402
ALB,2006-06-25,21.4,20.7,3402
ALB,2006-06-26,18.6,0.0,3402
ALB,2006-06-27,18.7,2.5,3402
ALB,2006-06-28,18.0,1.4,3402
ALB,2006-06-29,15.8,16.7,3402
ALB,2006-06-30,16.6,0.0,3402
ALB,2006-07-01,17.3,0.0,3402
ALB,2006-07-02,17.5,0.0,3402
ALB,2006-07-03,18.3,0.0,3402
ALB,2006-07-04,21.4,0.0,3402
ALB,2006-07-05,21.4,24.3,3402
ALB,2006-07-06,17.2,36.1,3402
ALB,2006-07-07,15.9,7.9,3402
ALB,2006-07-08,16.3,1.2,3402
ALB,2006-07-09,17.5,13.6,3402
ALB,2006-07-10,19.6,0.0,3402
ALB,2006-07-11,21.8,0.0,3402
ALB,2006-07-12,20.4,1.0,3402
ALB,2006-07-13,20.9,0.2,3402
ALB,2006-07-14,20.0,0.0,3402
ALB,2006-07-15,18.2,0.0,3402
ALB,2006-07-16,18.1,0.0,3402
ALB,2006-07-17,18.3,0.0,3402
ALB,2006-07-18,20.5,0.0,3402
ALB,2006-07-19,21.5,0.0,3402
ALB,2006-07-20,22.6,0.0,3402
ALB,2006-07-21,22.0,0.3,3402
ALB,2006-07-22,21.8,0.0,3402
ALB,2006-07-23,20.8,0.0,3402
ALB,2006-07-24,22.6,0.0,3402
ALB,2006-07-25,24.2,0.0,3402
ALB,2006-07-26,24.2,0.0,3402
ALB,2006-07-27,21.1,3.0,3402
ALB,2006-07-28,20.8,7.4,3402
ALB,2006-07-29,18.5,0.0,3402
ALB,2006-07-30,19.8,7.8,3402
ALB,2006-07-31,18.2,10.0,3402
ALB,2006-08-01,15.4,1.4,3402
ALB,2006-08-02,15.0,2.0,3402
ALB,2006-08-03,11.8,8.6,3402
ALB,2006-08-04,12.4,0.5,3402
ALB,2006-08-05,13.2,4.0,3402
ALB,2006-08-06,13.9,7.0,3402
ALB,2006-08-07,15.5,0.0,3402
ALB,2006-08-08,13.3,3.3,3402
ALB,2006-08-09,13.2,0.0,3402
ALB,2006-08-10,11.7,3.6,3402
ALB,2006-08-11,10.7,0.8,3402
ALB,2006-08-12,9.4,0.2,3402
ALB,2006-08-13,9.5,8.9,3402
ALB,2006-08-14,10.8,1.4,3402
ALB,2006-08-15,13.9,0.3,3402
ALB,2006-08-16,14.4,2.5,3402
ALB,2006-08-17,17.7,4.2,3402
ALB,2006-08-18,16.2,0.5,3402
ALB,2006-08-19,16.9,0.6,3402
ALB,2006-08-20,14.1,5.0,3402
ALB,2006-08-21,12.9,5.7,3402
ALB,2006-08-22,12.6,0.0,3402
ALB,2006-08-23,12.8,0.0,3402
ALB,2006-08-24,12.9,11.8,3402
ALB,2006-08-25,11.1,0.4,3402
ALB,2006-08-26,13.1,2.8,3402
ALB,2006-08-27,12.7,6.6,3402
ALB,2006-08-28,10.8,10.9,3402
ALB,2006-08-29,8.7,12.5,3402
ALB,2006-08-30,9.4,1.6,3402
ALB,2006-08-31,10.6,0.0,3402
ALB,2006-09-01,13.2,0.0,3402
ALB,2006-09-02,16.4,0.9,3402
ALB,2006-09-03,17.5,0.0,3402
ALB,2006-09-04,19.4,0.0,3402
ALB,2006-09-05,17.9,0.0,3402
ALB,2006-09-06,17.8,0.0,3402
ALB,2006-09-07,18.5,1.6,3402
ALB,2006-09-08,12.2,0.0,3402
ALB,2006-09-09,13.2,0.0,3402
ALB,2006-09-10,15.9,0.0,3402
ALB,2006-09-11,18.4,0.0,3402
ALB,2006-09-12,17.6,0.0,3402
ALB,2006-09-13,17.8,0.0,3402
ALB,2006-09-14,18.2,0.0,3402
ALB,2006-09-15,15.1,0.8,3402
ALB,2006-09-16,15.2,2.0,3402
ALB,2006-09-17,14.7,0.7,3402
ALB,2006-09-18,13.8,10.7,3402
ALB,2006-09-19,13.3,0.4,3402
ALB,2006-09-20,14.5,0.0,3402
ALB,2006-09-21,15.3,0.0,3402
ALB,2006-09-22,15.5,0.0,3402
ALB,2006-09-23,15.3,0.0,3402
ALB,2006-09-24,14.9,0.0,3402
ALB,2006-09-25,13.7,26.7,3402
ALB,2006-09-26,11.7,5.1,3402
ALB,2006-09-27,12.2,0.0,3402
ALB,2006-09-28,10.9,0.0,3402
ALB,2006-09-29,12.9,0.0,3402
ALB,2006-09-30,14.6,9.8,3402
ALB,2006-10-01,14.2,0.9,3402
ALB,2006-10-02,14.2,3.2,3402
ALB,2006-10-03,12.6,14.7,3402
ALB,2006-10-04,8.6,0.3,3402
ALB,2006-10-05,7.9,0.1,3402
ALB,2006-10-06,10.0,0.7,3402
ALB,2006-10-07,10.1,1.6,3402
ALB,2006-10-08,8.6,0.0,3402
ALB,2006-10-09,10.3,0.0,3402
ALB,2006-10-10,11.9,0.0,3402
ALB,2006-10-11,12.2,0.0,3402
ALB,2006-10-12,12.5,0.0,3402
ALB,2006-10-13,12.9,0.0,3402
ALB,2006-10-14,11.3,0.0,3402
ALB,2006-10-15,8.6,0.0,3402
ALB,2006-10-16,7.1,0.0,3402
ALB,2006-10-17,7.0,0.0,3402
ALB,2006-10-18,8.2,0.0,3402
ALB,2006-10-19,12.1,0.0,3402
ALB,2006-10-20,12.0,1.0,3402
ALB,2006-10-21,11.3,0.2,3402
ALB,2006-10-22,12.6,1.0,3402
ALB,2006-10-23,12.1,6.5,3402
ALB,2006-10-24,12.1,0.0,3402
ALB,2006-10-25,9.1,0.0,3402
ALB,2006-10-26,13.4,0.0,3402
ALB,2006-10-27,14.5,0.0,3402
ALB,2006-10-28,12.9,1.5,3402
ALB,2006-10-29,11.6,3.2,3402
ALB,2006-10-30,7.3,0.0,3402
ALB,2006-10-31,8.9,2.6,3402
ALB,2006-11-01,4.5,0.6,3402
ALB,2006-11-02,0.0,1.6,3402
ALB,2006-11-03,-0.2,3.7,3402
ALB,2006-11-04,1.2,0.0,3402
ALB,2006-11-05,3.3,0.0,3402
ALB,2006-11-06,4.6,0.0,3402
ALB,2006-11-07,5.9,0.0,3402
ALB,2006-11-08,5.9,0.0,3402
ALB,2006-11-09,7.5,8.2,3402
ALB,2006-11-10,2.0,0.0,3402
ALB,2006-11-11,4.0,2.9,3402
ALB,2006-11-12,4.3,3.1,3402
ALB,2006-11-13,5.1,0.6,3402
ALB,2006-11-14,8.9,0.7,3402
ALB,2006-11-15,8.4,0.0,3402
ALB,2006-11-16,8.8,0.1,3402
ALB,2006-11-17,9.8,0.6,3402
ALB,2006-11-18,7.5,1.3,3402
ALB,2006-11-19,6.1,1.2,3402
ALB,2006-11-20,3.5,0.5,3402
ALB,2006-11-21,4.4,3.0,3402
ALB,2006-11-22,1.8,0.2,3402
ALB,2006-11-23,4.3,0.0,3402
ALB,2006-11-24,9.0,0.0,3402
ALB,2006-11-25,10.4,0.0,3402
ALB,2006-11-26,8.9,0.0,3402
ALB,2006-11-27,6.3,0.0,3402
ALB,2006-11-28,3.3,0.0,3402
ALB,2006-11-29,5.2,2.0,3402
ALB,2006-11-30,4.5,0.0,3402
ALB,2006-12-01,2.5,0.0,3402
ALB,2006-12-02,1.5,0.0,3402
ALB,2006-12-03,5.9,2.7,3402
ALB,2006-12-04,6.7,6.3,3402
ALB,2006-12-05,9.6,0.4,3402
ALB,2006-12-06,6.0,5.2,3402
ALB,2006-12-07,3.5,0.0,3402
ALB,2006-12-08,5.8,3.7,3402
ALB,2006-12-09,2.3,7.8,3402
ALB,2006-12-10,0.6,0.7,3402
ALB,2006-12-11,-0.7,0.0,3402
ALB,2006-12-12,1.6,1.1,3402
ALB,2006-12-13,1.8,0.0,3402
ALB,2006-12-14,2.4,0.0,3402
ALB,2006-12-15,2.3,0.0,3402
ALB,2006-12-16,4.3,1.7,3402
ALB,2006-12-17,2.3,0.6,3402
ALB,2006-12-18,-0.6,0.0,3402
ALB,2006-12-19,-1.2,0.0,3402
ALB,2006-12-20,-2.0,0.0,3402
ALB,2006-12-21,-0.3,0.0,3402
ALB,2006-12-22,-0.6,0.0,3402
ALB,2006-12-23,-1.3,0.0,3402
ALB,2006-12-24,-2.3,0.0,3402
ALB,2006-12-25,-0.6,0.0,3402
ALB,2006-12-26,-3.3,0.0,3402
ALB,2006-12-27,-3.4,0.0,3402
ALB,2006-12-28,-1.0,0.0,3402
ALB,2006-12-29,1.6,0.0,3402
ALB,2006-12-30,1.6,0.7,3402
ALB,2006-12-31,6.5,4.2,3402
ALB,2007-01-01,5.8,11.8,3402
ALB,2007-01-02,0.5,4.6,3402
ALB,2007-01-03,1.2,0.0,3402
ALB,2007-01-04,3.2,1.9,3402
ALB,2007-01-05,3.2,0.9,3402
ALB,2007-01-06,4.9,3.1,3402
ALB,2007-01-07,4.1,0.0,3402
ALB,2007-01-08,5.1,4.7,3402
ALB,2007-01-09,7.5,2.3,3402
ALB,2007-01-10,7.1,1.0,3402
ALB,2007-01-11,6.6,5.1,3402
ALB,2007-01-12,5.1,0.0,3402
ALB,2007-01-13,6.2,0.0,3402
ALB,2007-01-14,4.5,2.2,3402
ALB,2007-01-15,-0.3,0.0,3402
ALB,2007-01-16,0.7,0.1,3402
ALB,2007-01-17,5.8,0.7,3402
ALB,2007-01-18,8.6,8.8,3402
ALB,2007-01-19,9.5,1.4,3402
ALB,2007-01-20,9.3,4.1,3402
ALB,2007-01-21,3.7,0.4,3402
ALB,2007-01-22,0.4,2.3,3402
ALB,2007-01-23,-2.9,4.7,3402
ALB,2007-01-24,-7.6,3.9,3402
ALB,2007-01-25,-7.2,0.0,3402
ALB,2007-01-26,-7.6,1.3,3402
ALB,2007-01-27,-3.1,1.9,3402
ALB,2007-01-28,0.2,0.0,3402
ALB,2007-01-29,1.0,0.2,3402
ALB,2007-01-30,1.1,0.0,3402
ALB,2007-01-31,0.3,0.3,3402
ALB,2007-02-01,0.6,0.6,3402
ALB,2007-02-02,1.9,0.7,3402
ALB,2007-02-03,2.0,0.0,3402
ALB,2007-02-04,1.3,0.0,3402
ALB,2007-02-05,1.6,2.2,3402
ALB,2007-02-06,-0.1,0.7,3402
ALB,2007-02-07,0.7,1.2,3402
ALB,2007-02-08,2.4,7.8,3402
ALB,2007-02-09,1.5,0.0,3402
ALB,2007-02-10,2.4,1.5,3402
ALB,2007-02-11,2.9,17.2,3402
ALB,2007-02-12,3.9,5.0,3402
ALB,2007-02-13,3.5,0.4,3402
ALB,2007-02-14,1.8,12.6,3402
ALB,2007-02-15,3.0,0.0,3402
ALB,2007-02-16,2.5,0.0,3402
ALB,2007-02-17,0.5,0.0,3402
ALB,2007-02-18,2.2,0.0,3402
ALB,2007-02-19,4.1,0.0,3402
ALB,2007-02-20,4.5,0.0,3402
ALB,2007-02-21,5.5,0.0,3402
ALB,2007-02-22,6.4,0.0,3402
ALB,2007-02-23,5.4,0.0,3402
ALB,2007-02-24,4.4,0.0,3402
ALB,2007-02-25,3.7,3.0,3402
ALB,2007-02-26,2.7,12.2,3402
ALB,2007-02-27,2.0,5.9,3402
ALB,2007-02-28,6.6,10.7,3402
ALB,2007-03-01,4.8,10.2,3402
ALB,2007-03-02,3.1,2.1,3402
ALB,2007-03-03,5.8,6.8,3402
ALB,2007-03-04,5.2,0.0,3402
ALB,2007-03-05,4.2,1.4,3402
ALB,2007-03-06,5.1,2.6,3402
ALB,2007-03-07,5.5,1.2,3402
ALB,2007-03-08,4.4,0.0,3402
ALB,2007-03-09,3.9,5.9,3402
ALB,2007-03-10,1.5,0.0,3402
ALB,2007-03-11,2.5,0.0,3402
ALB,2007-03-12,4.6,0.0,3402
ALB,2007-03-13,6.8,0.0,3402
ALB,2007-03-14,6.9,0.0,3402
ALB,2007-03-15,7.2,0.0,3402
ALB,2007-03-16,6.4,0.0,3402
ALB,2007-03-17,4.5,0.0,3402
ALB,2007-03-18,5.0,5.3,3402
ALB,2007-03-19,0.2,3.6,3402
ALB,2007-03-20,-0.7,2.6,3402
ALB,2007-03-21,-1.1,1.4,3402
ALB,2007-03-22,-1.1,11.9,3402
ALB,2007-03-23,-0.7,5.8,3402
ALB,2007-03-24,0.1,2.3,3402
ALB,2007-03-25,3.3,0.0,3402
ALB,2007-03-26,6.7,0.0,3402
ALB,2007-03-27,6.1,0.0,3402
ALB,2007-03-28,5.3,0.2,3402
ALB,2007-03-29,4.3,3.5,3402
ALB,2007-03-30,6.4,0.0,3402
ALB,2007-03-31,3.5,1.9,3402
ALB,2007-04-01,6.8,0.0,3402
ALB,2007-04-02,8.7,0.0,3402
ALB,2007-04-03,6.9,4.0,3402
ALB,2007-04-04,2.4,0.2,3402
ALB,2007-04-05,4.7,0.0,3402
ALB,2007-04-06,8.4,0.0,3402
ALB,2007-04-07,9.1,0.0,3402
ALB,2007-04-08,6.5,0.0,3402
ALB,2007-04-09,8.8,0.0,3402
ALB,2007-04-10,8.9,0.0,3402
ALB,2007-04-11,10.9,0.0,3402
ALB,2007-04-12,13.9,0.0,3402
ALB,2007-04-13,16.2,0.0,3402
ALB,2007-04-14,16.8,0.0,3402
ALB,2007-04-15,15.9,0.0,3402
ALB,2007-04-16,14.3,0.0,3402
ALB,2007-04-17,14.6,0.0,3402
ALB,2007-04-18,7.6,0.0,3402
ALB,2007-04-19,8.1,0.0,3402
ALB,2007-04-20,9.6,0.0,3402
ALB,2007-04-21,10.8,0.0,3402
ALB,2007-04-22,13.6,0.0,3402
ALB,2007-04-23,14.5,0.0,3402
ALB,2007-04-24,15.8,0.0,3402
ALB,2007-04-25,16.2,0.0,3402
ALB,2007-04-26,14.9,0.0,3402
ALB,2007-04-27,15.6,0.0,3402
ALB,2007-04-28,15.8,0.0,3402
ALB,2007-04-29,16.1,0.0,3402
ALB,2007-04-30,12.1,0.0,3402
ALB,2007-05-01,10.9,0.0,3402
ALB,2007-05-02,10.6,0.2,3402
ALB,2007-05-03,11.7,0.0,3402
ALB,2007-05-04,13.1,0.0,3402
ALB,2007-05-05,10.3,5.7,3402
ALB,2007-05-06,12.1,0.0,3402
ALB,2007-05-07,12.1,1.4,3402
ALB,2007-05-08,11.4,37.9,3402
ALB,2007-05-09,10.5,17.5,3402
ALB,2007-05-10,14.2,0.0,3402
ALB,2007-05-11,13.1,0.0,3402
ALB,2007-05-12,12.8,0.0,3402
ALB,2007-05-13,16.7,0.6,3402
ALB,2007-05-14,11.8,14.4,3402
ALB,2007-05-15,6.6,1.5,3402
ALB,2007-05-16,7.4,10.6,3402
ALB,2007-05-17,7.2,9.1,3402
ALB,2007-05-18,9.6,0.0,3402
ALB,2007-05-19,14.5,0.0,3402
ALB,2007-05-20,16.8,0.0,3402
ALB,2007-05-21,18.5,15.1,3402
ALB,2007-05-22,17.2,0.0,3402
ALB,2007-05-23,18.4,0.0,3402
ALB,2007-05-24,19.2,0.0,3402
ALB,2007-05-25,18.4,1.0,3402
ALB,2007-05-26,18.9,0.0,3402
ALB,2007-05-27,15.1,14.8,3402
ALB,2007-05-28,7.1,20.5,3402
ALB,2007-05-29,5.9,39.2,3402
ALB,2007-05-30,8.6,0.0,3402
ALB,2007-05-31,11.9,1.9,3402
ALB,2007-06-01,10.1,9.6,3402
ALB,2007-06-02,11.9,4.0,3402
ALB,2007-06-03,14.5,0.0,3402
ALB,2007-06-04,16.0,0.0,3402
ALB,2007-06-05,16.2,0.0,3402
ALB,2007-06-06,17.3,0.0,3402
ALB,2007-06-07,18.7,0.0,3402
ALB,2007-06-08,18.1,0.0,3402
ALB,2007-06-09,17.2,0.0,3402
ALB,2007-06-10,16.9,13.6,3402
ALB,2007-06-11,16.4,23.5,3402
ALB,2007-06-12,17.0,6.2,3402
ALB,2007-06-13,17.3,0.2,3402
ALB,2007-06-14,19.2,10.4,3402
ALB,2007-06-15,14.6,7.3,3402
ALB,2007-06-16,13.1,11.6,3402
ALB,2007-06-17,16.5,6.3,3402
ALB,2007-06-18,17.4,0.0,3402
ALB,2007-06-19,19.9,0.0,3402
ALB,2007-06-20,21.0,34.6,3402
ALB,2007-06-21,15.3,6.7,3402
ALB,2007-06-22,13.4,9.8,3402
ALB,2007-06-23,12.8,0.0,3402
ALB,2007-06-24,16.0,0.7,3402
ALB,2007-06-25,14.7,4.2,3402
ALB,2007-06-26,9.9,2.8,3402
ALB,2007-06-27,9.5,1.7,3402
ALB,2007-06-28,10.3,0.1,3402
ALB,2007-06-29,12.5,0.0,3402
ALB,2007-06-30,14.4,0.0,3402
ALB,2007-07-01,17.7,1.1,3402
ALB,2007-07-02,13.2,10.8,3402
ALB,2007-07-03,12.3,8.8,3402
ALB,2007-07-04,10.6,3.9,3402
ALB,2007-07-05,10.2,3.5,3402
ALB,2007-07-06,13.1,0.0,3402
ALB,2007-07-07,14.2,0.0,3402
ALB,2007-07-08,15.5,9.1,3402
ALB,2007-07-09,12.3,8.2,3402
ALB,2007-07-10,9.3,2.3,3402
ALB,2007-07-11,10.4,2.9,3402
ALB,2007-07-12,13.0,0.0,3402
ALB,2007-07-13,17.9,0.0,3402
ALB,2007-07-14,20.9,0.0,3402
ALB,2007-07-15,22.8,0.0,3402
ALB,2007-07-16,23.3,0.0,3402
ALB,2007-07-17,21.1,1.1,3402
ALB,2007-07-18,19.0,1.0,3402
ALB,2007-07-19,20.1,0.4,3402
ALB,2007-07-20,20.6,1.9,3402
ALB,2007-07-21,16.2,6.0,3402
ALB,2007-07-22,15.0,0.0,3402
ALB,2007-07-23,16.8,14.3,3402
ALB,2007-07-24,13.7,0.2,3402
ALB,2007-07-25,14.5,0.0,3402
ALB,2007-07-26,17.7,0.0,3402
ALB,2007-07-27,17.5,0.0,3402
ALB,2007-07-28,16.5,1.9,3402
ALB,2007-07-29,15.3,7.6,3402
ALB,2007-07-30,11.1,0.0,3402
ALB,2007-07-31,10.9,0.0,3402
ALB,2007-08-01,14.2,1.2,3402
ALB,2007-08-02,15.6,2.8,3402
ALB,2007-08-03,14.1,1.9,3402
ALB,2007-08-04,15.0,0.0,3402
ALB,2007-08-05,17.9,0.0,3402
ALB,2007-08-06,19.7,0.0,3402
ALB,2007-08-07,16.0,16.0,3402
ALB,2007-08-08,13.2,30.0,3402
ALB,2007-08-09,11.8,1.2,3402
ALB,2007-08-10,11.6,9.8,3402
ALB,2007-08-11,15.0,0.3,3402
ALB,2007-08-12,15.5,2.8,3402
ALB,2007-08-13,16.2,0.1,3402
ALB,2007-08-14,17.1,5.6,3402
ALB,2007-08-15,21.1,4.4,3402
ALB,2007-08-16,16.6,0.4,3402
ALB,2007-08-17,12.9,5.3,3402
ALB,2007-08-18,13.3,0.0,3402
ALB,2007-08-19,15.1,5.3,3402
ALB,2007-08-20,11.9,5.2,3402
ALB,2007-08-21,12.9,3.6,3402
ALB,2007-08-22,13.9,10.6,3402
ALB,2007-08-23,15.0,0.4,3402
ALB,2007-08-24,16.4,0.0,3402
ALB,2007-08-25,17.6,0.0,3402
ALB,2007-08-26,17.8,0.0,3402
ALB,2007-08-27,16.7,0.0,3402
ALB,2007-08-28,14.6,10.1,3402
ALB,2007-08-29,11.9,2.9,3402
ALB,2007-08-30,11.8,0.0,3402
ALB,2007-08-31,11.7,0.0,3402
ALB,2007-09-01,12.5,0.3,3402
ALB,2007-09-02,13.0,0.0,3402
ALB,2007-09-03,11.6,13.8,3402
ALB,2007-09-04,7.4,7.9,3402
ALB,2007-09-05,6.9,0.0,3402
ALB,2007-09-06,7.7,2.5,3402
ALB,2007-09-07,10.1,0.3,3402
ALB,2007-09-08,11.4,0.0,3402
ALB,2007-09-09,10.7,2.4,3402
ALB,2007-09-10,9.3,7.6,3402
ALB,2007-09-11,9.0,2.8,3402
ALB,2007-09-12,10.0,0.0,3402
ALB,2007-09-13,11.7,0.0,3402
ALB,2007-09-14,13.9,0.0,3402
ALB,2007-09-15,12.3,0.1,3402
ALB,2007-09-16,14.4,0.0,3402
ALB,2007-09-17,15.0,12.3,3402
ALB,2007-09-18,9.5,1.5,3402
ALB,2007-09-19,6.6,0.0,3402
ALB,2007-09-20,8.2,0.0,3402
ALB,2007-09-21,11.1,0.0,3402
ALB,2007-09-22,13.8,0.0,3402
ALB,2007-09-23,15.0,0.0,3402
ALB,2007-09-24,15.0,1.9,3402
ALB,2007-09-25,9.3,0.4,3402
ALB,2007-09-26,6.2,6.7,3402
ALB,2007-09-27,6.5,2.0,3402
ALB,2007-09-28,6.7,0.9,3402
ALB,2007-09-29,9.5,0.0,3402
ALB,2007-09-30,10.6,0.0,3402
ALB,2007-10-01,13.4,0.0,3402
ALB,2007-10-02,14.6,4.9,3402
ALB,2007-10-03,15.8,0.0,3402
ALB,2007-10-04,15.2,2.3,3402
ALB,2007-10-05,13.6,2.7,3402
ALB,2007-10-06,9.3,0.0,3402
ALB,2007-10-07,8.3,0.0,3402
ALB,2007-10-08,8.3,0.0,3402
ALB,2007-10-09,8.1,0.0,3402
ALB,2007-10-10,8.4,0.0,3402
ALB,2007-10-11,7.0,0.0,3402
ALB,2007-10-12,7.2,0.0,3402
ALB,2007-10-13,7.8,0.0,3402
ALB,2007-10-14,6.5,0.0,3402
ALB,2007-10-15,7.3,0.0,3402
ALB,2007-10-16,10.2,0.0,3402
ALB,2007-10-17,10.8,3.8,3402
ALB,2007-10-18,5.0,2.3,3402
ALB,2007-10-19,2.9,3.5,3402
ALB,2007-10-20,-0.1,0.3,3402
ALB,2007-10-21,0.0,1.1,3402
ALB,2007-10-22,0.6,0.0,3402
ALB,2007-10-23,1.1,0.2,3402
ALB,2007-10-24,2.2,0.0,3402
ALB,2007-10-25,4.2,0.0,3402
ALB,2007-10-26,4.4,0.0,3402
ALB,2007-10-27,4.7,0.0,3402
ALB,2007-10-28,3.2,0.0,3402
ALB,2007-10-29,4.2,0.0,3402
ALB,2007-10-30,4.8,1.1,3402
ALB,2007-10-31,3.3,0.0,3402
ALB,2007-11-01,3.7,0.0,3402
ALB,2007-11-02,4.2,0.0,3402
ALB,2007-11-03,7.4,1.5,3402
ALB,2007-11-04,6.3,0.2,3402
ALB,2007-11-05,3.1,2.1,3402
ALB,2007-11-06,3.6,2.3,3402
ALB,2007-11-07,3.0,2.5,3402
ALB,2007-11-08,5.3,5.8,3402
ALB,2007-11-09,1.0,11.3,3402
ALB,2007-11-10,0.7,25.6,3402
ALB,2007-11-11,4.4,17.5,3402
ALB,2007-11-12,0.4,0.0,3402
ALB,2007-11-13,0.2,7.4,3402
ALB,2007-11-14,-1.3,8.1,3402
ALB,2007-11-15,-3.9,0.4,3402
ALB,2007-11-16,-5.4,0.0,3402
ALB,2007-11-17,-3.0,0.0,3402
ALB,2007-11-18,-1.7,0.0,3402
ALB,2007-11-19,-3.3,0.0,3402
ALB,2007-11-20,-1.7,0.0,3402
ALB,2007-11-21,2.1,1.4,3402
ALB,2007-11-22,4.2,0.0,3402
ALB,2007-11-23,5.1,1.9,3402
ALB,2007-11-24,2.1,0.1,3402
ALB,2007-11-25,1.1,6.7,3402
ALB,2007-11-26,-0.1,2.4,3402
ALB,2007-11-27,-1.1,1.0,3402
ALB,2007-11-28,-2.2,0.0,3402
ALB,2007-11-29,-2.3,0.5,3402
ALB,2007-11-30,2.2,0.7,3402
ALB,2007-12-01,3.3,0.8,3402
ALB,2007-12-02,4.4,7.5,3402
ALB,2007-12-03,3.1,13.5,3402
ALB,2007-12-04,1.7,1.0,3402
ALB,2007-12-05,4.0,2.1,3402
ALB,2007-12-06,5.5,9.6,3402
ALB,2007-12-07,6.4,7.3,3402
ALB,2007-12-08,1.5,1.5,3402
ALB,2007-12-09,3.1,3.0,3402
ALB,2007-12-10,2.1,9.8,3402
ALB,2007-12-11,0.6,12.6,3402
ALB,2007-12-12,0.2,1.4,3402
ALB,2007-12-13,0.5,0.5,3402
ALB,2007-12-14,-3.9,0.0,3402
ALB,2007-12-15,-4.9,0.0,3402
ALB,2007-12-16,-4.2,0.0,3402
ALB,2007-12-17,-5.0,0.0,3402
ALB,2007-12-18,-5.9,0.0,3402
ALB,2007-12-19,-5.6,0.0,3402
ALB,2007-12-20,-4.2,0.0,3402
ALB,2007-12-21,-6.5,0.0,3402
ALB,2007-12-22,-6.2,0.0,3402
ALB,2007-12-23,-3.7,0.0,3402
ALB,2007-12-24,-3.4,0.0,3402
ALB,2007-12-25,-6.0,0.0,3402
ALB,2007-12-26,-3.7,0.7,3402
ALB,2007-12-27,-3.1,0.0,3402
ALB,2007-12-28,-6.3,0.0,3402
ALB,2007-12-29,-2.9,2.4,3402
ALB,2007-12-30,0.6,1.9,3402
ALB,2007-12-31,-0.6,3.5,3402
ALB,2008-01-01,-4.3,0.0,3402
ALB,2008-01-02,-5.6,0.0,3402
ALB,2008-01-03,-4.8,0.0,3402
ALB,2008-01-04,-2.7,0.0,3402
ALB,2008-01-05,1.9,12.9,3402
ALB,2008-01-06,1.8,4.7,3402
ALB,2008-01-07,3.0,8.1,3402
ALB,2008-01-08,1.2,0.0,3402
ALB,2008-01-09,1.5,0.0,3402
ALB,2008-01-10,3.3,0.0,3402
ALB,2008-01-11,4.5,0.0,3402
ALB,2008-01-12,1.7,0.6,3402
ALB,2008-01-13,-0.7,0.0,3402
ALB,2008-01-14,-0.7,0.0,3402
ALB,2008-01-15,0.8,0.2,3402
ALB,2008-01-16,3.3,0.3,3402
ALB,2008-01-17,1.6,8.0,3402
ALB,2008-01-18,4.8,2.0,3402
ALB,2008-01-19,8.0,0.0,3402
ALB,2008-01-20,5.8,0.0,3402
ALB,2008-01-21,4.4,6.8,3402
ALB,2008-01-22,2.5,5.3,3402
ALB,2008-01-23,-1.3,0.0,3402
ALB,2008-01-24,2.9,0.5,3402
ALB,2008-01-25,0.5,0.0,3402
ALB,2008-01-26,-0.2,0.0,3402
ALB,2008-01-27,5.8,0.0,3402
ALB,2008-01-28,1.7,0.0,3402
ALB,2008-01-29,0.3,0.0,3402
ALB,2008-01-30,0.6,0.6,3402
ALB,2008-01-31,-0.8,0.0,3402
ALB,2008-02-01,3.2,6.2,3402
ALB,2008-02-02,-1.3,0.3,3402
ALB,2008-02-03,-1.8,0.0,3402
ALB,2008-02-04,1.4,0.1,3402
ALB,2008-02-05,1.4,1.2,3402
ALB,2008-02-06,5.3,4.5,3402
ALB,2008-02-07,1.5,0.0,3402
ALB,2008-02-08,1.5,0.0,3402
ALB,2008-02-09,2.2,0.0,3402
ALB,2008-02-10,1.5,0.0,3402
ALB,2008-02-11,1.9,0.0,3402
ALB,2008-02-12,2.9,0.0,3402
ALB,2008-02-13,0.5,0.0,3402
ALB,2008-02-14,0.4,0.0,3402
ALB,2008-02-15,-3.3,0.0,3402
ALB,2008-02-16,-4.7,0.0,3402
ALB,2008-02-17,-2.6,0.0,3402
ALB,2008-02-18,0.2,0.0,3402
ALB,2008-02-19,2.3,0.0,3402
ALB,2008-02-20,2.5,2.1,3402
ALB,2008-02-21,5.0,0.0,3402
ALB,2008-02-22,7.0,0.1,3402
ALB,2008-02-23,7.9,0.0,3402
ALB,2008-02-24,8.9,0.0,3402
ALB,2008-02-25,6.1,0.0,3402
ALB,2008-02-26,6.9,2.2,3402
ALB,2008-02-27,4.5,0.0,3402
ALB,2008-02-28,3.5,1.1,3402
ALB,2008-02-29,7.5,4.3,3402
ALB,2008-03-01,7.0,5.9,3402
ALB,2008-03-02,7.4,0.0,3402
ALB,2008-03-03,5.2,7.7,3402
ALB,2008-03-04,-1.4,5.0,3402
ALB,2008-03-05,-3.7,0.0,3402
ALB,2008-03-06,-3.0,0.0,3402
ALB,2008-03-07,0.4,0.6,3402
ALB,2008-03-08,1.1,0.2,3402
ALB,2008-03-09,3.1,0.1,3402
ALB,2008-03-10,5.2,2.0,3402
ALB,2008-03-11,5.0,2.5,3402
ALB,2008-03-12,6.1,14.9,3402
ALB,2008-03-13,2.6,0.7,3402
ALB,2008-03-14,6.6,6.8,3402
ALB,2008-03-15,8.0,0.0,3402
ALB,2008-03-16,7.2,1.0,3402
ALB,2008-03-17,2.5,3.4,3402
ALB,2008-03-18,-0.6,0.1,3402
ALB,2008-03-19,-1.6,1.5,3402
ALB,2008-03-20,-1.0,2.1,3402
ALB,2008-03-21,-0.7,6.8,3402
ALB,2008-03-22,-0.7,3.3,3402
ALB,2008-03-23,-3.5,0.3,3402
ALB,2008-03-24,-4.7,3.2,3402
ALB,2008-03-25,-3.1,2.5,3402
ALB,2008-03-26,0.0,0.6,3402
ALB,2008-03-27,1.3,0.5,3402
ALB,2008-03-28,2.8,0.6,3402
ALB,2008-03-29,5.2,0.0,3402
ALB,2008-03-30,9.0,0.0,3402
ALB,2008-03-31,5.8,0.1,3402
ALB,2008-04-01,7.4,0.3,3402
ALB,2008-04-02,5.5,4.4,3402
ALB,2008-04-03,2.4,7.0,3402
ALB,2008-04-04,3.4,1.2,3402
ALB,2008-04-05,3.1,12.7,3402
ALB,2008-04-06,1.9,0.7,3402
ALB,2008-04-07,-0.5,0.0,3402
ALB,2008-04-08,1.0,0.0,3402
ALB,2008-04-09,7.8,0.4,3402
ALB,2008-04-10,8.2,14.5,3402
ALB,2008-04-11,8.0,6.5,3402
ALB,2008-04-12,5.0,0.0,3402
ALB,2008-04-13,5.3,0.1,3402
ALB,2008-04-14,4.8,0.7,3402
ALB,2008-04-15,2.4,1.3,3402
ALB,2008-04-16,1.3,5.5,3402
ALB,2008-04-17,2.8,0.0,3402
ALB,2008-04-18,7.2,1.6,3402
ALB,2008-04-19,7.2,5.2,3402
ALB,2008-04-20,10.3,0.0,3402
ALB,2008-04-21,7.9,18.3,3402
ALB,2008-04-22,6.9,2.3,3402
ALB,2008-04-23,8.0,0.0,3402
ALB,2008-04-24,8.4,5.6,3402
ALB,2008-04-25,8.0,0.1,3402
ALB,2008-04-26,8.7,0.0,3402
ALB,2008-04-27,11.0,0.0,3402
ALB,2008-04-28,11.9,6.4,3402
ALB,2008-04-29,7.9,0.1,3402
ALB,2008-04-30,8.0,3.1,3402
ALB,2008-05-01,7.4,1.6,3402
ALB,2008-05-02,9.0,0.0,3402
ALB,2008-05-03,11.6,0.0,3402
ALB,2008-05-04,11.3,0.0,3402
ALB,2008-05-05,10.6,0.0,3402
ALB,2008-05-06,12.2,0.0,3402
ALB,2008-05-07,11.9,0.0,3402
ALB,2008-05-08,12.9,0.0,3402
ALB,2008-05-09,15.0,0.0,3402
ALB,2008-05-10,14.9,0.0,3402
ALB,2008-05-11,13.0,0.0,3402
ALB,2008-05-12,14.5,0.0,3402
ALB,2008-05-13,15.2,0.0,3402
ALB,2008-05-14,15.2,0.0,3402
ALB,2008-05-15,13.4,2.6,3402
ALB,2008-05-16,14.0,3.0,3402
ALB,2008-05-17,12.8,18.0,3402
ALB,2008-05-18,11.0,7.4,3402
ALB,2008-05-19,9.8,0.6,3402
ALB,2008-05-20,9.1,0.0,3402
ALB,2008-05-21,7.0,0.1,3402
ALB,2008-05-22,8.8,0.0,3402
ALB,2008-05-23,11.5,0.0,3402
ALB,2008-05-24,13.4,2.8,3402
ALB,2008-05-25,15.2,0.2,3402
ALB,2008-05-26,17.8,0.0,3402
ALB,2008-05-27,21.1,0.0,3402
ALB,2008-05-28,19.5,0.0,3402
ALB,2008-05-29,19.6,0.0,3402
ALB,2008-05-30,15.9,6.8,3402
ALB,2008-05-31,14.2,2.6,3402
ALB,2008-06-01,17.8,0.0,3402
ALB,2008-06-02,19.2,29.1,3402
ALB,2008-06-03,13.7,0.9,3402
ALB,2008-06-04,14.7,4.9,3402
ALB,2008-06-05,13.5,8.4,3402
ALB,2008-06-06,15.2,0.1,3402
ALB,2008-06-07,12.4,0.0,3402
ALB,2008-06-08,13.8,0.3,3402
ALB,2008-06-09,15.1,0.0,3402
ALB,2008-06-10,17.3,8.7,3402
ALB,2008-06-11,14.1,0.4,3402
ALB,2008-06-12,11.7,6.6,3402
ALB,2008-06-13,8.4,0.0,3402
ALB,2008-06-14,9.2,0.0,3402
ALB,2008-06-15,9.3,1.8,3402
ALB,2008-06-16,10.3,5.6,3402
ALB,2008-06-17,12.2,5.5,3402
ALB,2008-06-18,14.4,0.0,3402
ALB,2008-06-19,16.3,0.0,3402
ALB,2008-06-20,16.5,0.0,3402
ALB,2008-06-21,18.4,0.0,3402
ALB,2008-06-22,21.3,2.6,3402
ALB,2008-06-23,19.0,2.2,3402
ALB,2008-06-24,18.9,0.1,3402
ALB,2008-06-25,20.6,0.0,3402
ALB,2008-06-26,17.2,0.0,3402
ALB,2008-06-27,16.8,0.0,3402
ALB,2008-06-28,16.7,0.0,3402
ALB,2008-06-29,19.0,0.0,3402
ALB,2008-06-30,18.5,0.0,3402
ALB,2008-07-01,20.9,0.0,3402
ALB,2008-07-02,21.5,0.1,3402
ALB,2008-07-03,17.3,8.9,3402
ALB,2008-07-04,14.4,0.0,3402
ALB,2008-07-05,16.4,0.0,3402
ALB,2008-07-06,16.2,32.4,3402
ALB,2008-07-07,13.5,0.0,3402
ALB,2008-07-08,12.9,1.2,3402
ALB,2008-07-09,13.2,0.5,3402
ALB,2008-07-10,18.4,0.0,3402
ALB,2008-07-11,18.9,8.3,3402
ALB,2008-07-12,14.5,13.9,3402
ALB,2008-07-13,12.4,13.1,3402
ALB,2008-07-14,13.1,0.0,3402
ALB,2008-07-15,14.6,0.0,3402
ALB,2008-07-16,17.0,2.2,3402
ALB,2008-07-17,12.6,6.7,3402
ALB,2008-07-18,13.5,0.4,3402
ALB,2008-07-19,15.4,4.6,3402
ALB,2008-07-20,14.7,1.8,3402
ALB,2008-07-21,10.9,0.6,3402
ALB,2008-07-22,9.8,3.7,3402
ALB,2008-07-23,12.5,0.0,3402
ALB,2008-07-24,15.0,0.0,3402
ALB,2008-07-25,17.5,0.0,3402
ALB,2008-07-26,17.5,36.7,3402
ALB,2008-07-27,19.4,0.3,3402
ALB,2008-07-28,19.0,0.8,3402
ALB,2008-07-29,18.7,3.8,3402
ALB,2008-07-30,19.4,1.7,3402
ALB,2008-07-31,20.6,0.0,3402
ALB,2008-08-01,19.3,1.0,3402
ALB,2008-08-02,18.2,0.0,3402
ALB,2008-08-03,18.6,0.0,3402
ALB,2008-08-04,17.6,1.2,3402
ALB,2008-08-05,16.4,0.0,3402
ALB,2008-08-06,19.1,0.0,3402
ALB,2008-08-07,20.0,1.5,3402
ALB,2008-08-08,15.8,1.9,3402
ALB,2008-08-09,14.4,1.5,3402
ALB,2008-08-10,16.3,0.0,3402
ALB,2008-08-11,17.3,9.4,3402
ALB,2008-08-12,14.8,38.2,3402
ALB,2008-08-13,14.7,0.0,3402
ALB,2008-08-14,14.4,14.5,3402
ALB,2008-08-15,11.2,6.7,3402
ALB,2008-08-16,11.4,0.0,3402
ALB,2008-08-17,13.0,2.2,3402
ALB,2008-08-18,16.1,0.0,3402
ALB,2008-08-19,17.2,9.7,3402
ALB,2008-08-20,14.2,0.0,3402
ALB,2008-08-21,14.0,0.0,3402
ALB,2008-08-22,14.0,8.4,3402
ALB,2008-08-23,11.8,0.9,3402
ALB,2008-08-24,11.9,0.0,3402
ALB,2008-08-25,14.6,0.2,3402
ALB,2008-08-26,15.6,0.0,3402
ALB,2008-08-27,15.8,0.0,3402
ALB,2008-08-28,15.9,0.0,3402
ALB,2008-08-29,14.5,0.0,3402
ALB,2008-08-30,16.6,0.0,3402
ALB,2008-08-31,18.0,0.0,3402
ALB,2008-09-01,16.9,0.0,3402
ALB,2008-09-02,15.8,0.0,3402
ALB,2008-09-03,16.6,8.2,3402
ALB,2008-09-04,14.2,3.1,3402
ALB,2008-09-05,17.5,0.0,3402
ALB,2008-09-06,15.5,20.1,3402
ALB,2008-09-07,12.2,0.4,3402
ALB,2008-09-08,12.1,0.0,3402
ALB,2008-09-09,14.6,0.0,3402
ALB,2008-09-10,16.3,0.3,3402
ALB,2008-09-11,17.3,3.1,3402
ALB,2008-09-12,13.8,0.6,3402
ALB,2008-09-13,10.7,3.3,3402
ALB,2008-09-14,6.9,0.0,3402
ALB,2008-09-15,5.1,1.5,3402
ALB,2008-09-16,6.6,0.0,3402
ALB,2008-09-17,4.5,0.0,3402
ALB,2008-09-18,6.4,0.3,3402
ALB,2008-09-19,8.8,0.0,3402
ALB,2008-09-20,6.6,0.0,3402
ALB,2008-09-21,6.7,0.0,3402
ALB,2008-09-22,6.0,0.4,3402
ALB,2008-09-23,6.1,0.0,3402
ALB,2008-09-24,6.4,1.1,3402
ALB,2008-09-25,7.8,2.4,3402
ALB,2008-09-26,7.9,0.0,3402
ALB,2008-09-27,7.8,0.0,3402
ALB,2008-09-28,7.1,0.0,3402
ALB,2008-09-29,8.3,0.0,3402
ALB,2008-09-30,8.3,0.0,3402
ALB,2008-10-01,10.2,1.3,3402
ALB,2008-10-02,7.8,1.2,3402
ALB,2008-10-03,3.8,4.2,3402
ALB,2008-10-04,2.6,4.1,3402
ALB,2008-10-05,5.7,0.3,3402
ALB,2008-10-06,11.3,2.5,3402
ALB,2008-10-07,11.8,0.0,3402
ALB,2008-10-08,12.0,0.0,3402
ALB,2008-10-09,12.3,0.0,3402
ALB,2008-10-10,10.8,0.0,3402
ALB,2008-10-11,10.6,0.0,3402
ALB,2008-10-12,11.8,0.0,3402
ALB,2008-10-13,12.8,0.0,3402
ALB,2008-10-14,13.2,0.0,3402
ALB,2008-10-15,14.0,0.0,3402
ALB,2008-10-16,9.9,9.1,3402
ALB,2008-10-17,3.9,0.0,3402
ALB,2008-10-18,4.8,0.0,3402
ALB,2008-10-19,5.6,0.0,3402
ALB,2008-10-20,9.9,0.0,3402
ALB,2008-10-21,12.0,3.0,3402
ALB,2008-10-22,4.9,11.7,3402
ALB,2008-10-23,3.8,0.0,3402
ALB,2008-10-24,3.4,0.0,3402
ALB,2008-10-25,3.9,0.0,3402
ALB,2008-10-26,4.4,0.0,3402
ALB,2008-10-27,7.8,4.6,3402
ALB,2008-10-28,4.8,11.4,3402
ALB,2008-10-29,1.2,23.0,3402
ALB,2008-10-30,0.0,0.7,3402
ALB,2008-10-31,1.3,0.0,3402
ALB,2008-11-01,5.1,0.0,3402
ALB,2008-11-02,7.2,0.0,3402
ALB,2008-11-03,9.0,0.6,3402
ALB,2008-11-04,8.4,0.0,3402
ALB,2008-11-05,7.7,0.0,3402
ALB,2008-11-06,5.7,0.0,3402
ALB,2008-11-07,5.7,0.0,3402
ALB,2008-11-08,4.9,0.0,3402
ALB,2008-11-09,6.6,0.0,3402
ALB,2008-11-10,8.1,0.0,3402
ALB,2008-11-11,6.8,0.9,3402
ALB,2008-11-12,4.2,0.0,3402
ALB,2008-11-13,3.8,0.0,3402
ALB,2008-11-14,0.9,0.0,3402
ALB,2008-11-15,2.1,0.0,3402
ALB,2008-11-16,4.8,3.6,3402
ALB,2008-11-17,1.5,0.0,3402
ALB,2008-11-18,1.5,1.8,3402
ALB,2008-11-19,3.6,0.1,3402
ALB,2008-11-20,5.0,2.2,3402
ALB,2008-11-21,2.3,19.8,3402
ALB,2008-11-22,-3.1,0.7,3402
ALB,2008-11-23,-3.8,6.2,3402
ALB,2008-11-24,-1.6,0.1,3402
ALB,2008-11-25,-3.4,0.0,3402
ALB,2008-11-26,-3.1,0.0,3402
ALB,2008-11-27,-3.8,0.0,3402
ALB,2008-11-28,-3.8,0.0,3402
ALB,2008-11-29,-1.8,0.0,3402
ALB,2008-11-30,-0.2,0.0,3402
ALB,2008-12-01,0.2,4.2,3402
ALB,2008-12-02,-1.3,0.1,3402
ALB,2008-12-03,-1.7,0.1,3402
ALB,2008-12-04,0.9,3.1,3402
ALB,2008-12-05,2.0,1.4,3402
ALB,2008-12-06,1.1,5.9,3402
ALB,2008-12-07,0.6,2.2,3402
ALB,2008-12-08,-2.0,0.0,3402
ALB,2008-12-09,-2.4,3.7,3402
ALB,2008-12-10,-1.6,9.9,3402
ALB,2008-12-11,-2.6,6.1,3402
ALB,2008-12-12,-3.0,0.5,3402
ALB,2008-12-13,-3.7,0.0,3402
ALB,2008-12-14,-2.2,0.0,3402
ALB,2008-12-15,1.0,0.2,3402
ALB,2008-12-16,-1.1,0.3,3402
ALB,2008-12-17,-2.0,1.8,3402
ALB,2008-12-18,-1.9,1.3,3402
ALB,2008-12-19,-0.2,7.9,3402
ALB,2008-12-20,2.1,9.1,3402
ALB,2008-12-21,4.7,4.7,3402
ALB,2008-12-22,3.7,1.5,3402
ALB,2008-12-23,2.0,0.0,3402
ALB,2008-12-24,-0.2,1.1,3402
ALB,2008-12-25,-0.5,0.0,3402
ALB,2008-12-26,-4.4,0.0,3402
ALB,2008-12-27,-5.2,0.0,3402
ALB,2008-12-28,-5.3,0.0,3402
ALB,2008-12-29,-6.9,0.0,3402
ALB,2008-12-30,-5.4,0.0,3402
ALB,2008-12-31,-1.9,4.0,3402
HAI,2006-01-01,3.2,0.0,6305
HAI,2006-01-02,0.2,0.3,6305
HAI,2006-01-03,1.1,0.0,6305
HAI,2006-01-04,-0.7,0.0,6305
HAI,2006-01-05,0.1,0.0,6305
HAI,2006-01-06,-0.7,0.0,6305
HAI,2006-01-07,-0.5,0.0,6305
HAI,2006-01-08,-2.1,0.0,6305
HAI,2006-01-09,-6.2,0.0,6305
HAI,2006-01-10,-4.2,0.0,6305
HAI,2006-01-11,-2.5,1.5,6305
HAI,2006-01-12,0.6,0.0,6305
HAI,2006-01-13,-0.2,0.0,6305
HAI,2006-01-14,-4.8,0.0,6305
HAI,2006-01-15,-8.0,0.0,6305
HAI,2006-01-16,-8.7,0.0,6305
HAI,2006-01-17,-4.6,3.7,6305
HAI,2006-01-18,2.4,0.8,6305
HAI,2006-01-19,-0.2,0.7,6305
HAI,2006-01-20,3.8,2.0,6305
HAI,2006-01-21,3.4,2.7,6305
HAI,2006-01-22,-4.6,0.0,6305
HAI,2006-01-23,-10.4,0.0,6305
HAI,2006-01-24,-10.1,0.0,6305
HAI,2006-01-25,-4.5,2.6,6305
HAI,2006-01-26,-7.4,0.0,6305
HAI,2006-01-27,-12.4,0.0,6305
HAI,2006-01-28,-12.5,0.0,6305
HAI,2006-01-29,-12.8,0.0,6305
HAI,2006-01-30,-9.8,0.0,6305
HAI,2006-01-31,-3.1,0.0,6305
HAI,2006-02-01,-8.2,0.0,6305
HAI,2006-02-02,-8.6,0.0,6305
HAI,2006-02-03,-2.6,0.0,6305
HAI,2006-02-04,-1.5,0.0,6305
HAI,2006-02-05,-6.6,0.4,6305
HAI,2006-02-06,-2.1,0.3,6305
HAI,2006-02-07,3.3,2.1,6305
HAI,2006-02-08,3.4,1.3,6305
HAI,2006-02-09,1.1,2.7,6305
HAI,2006-02-10,0.8,0.3,6305
HAI,2006-02-11,-1.8,0.0,6305
HAI,2006-02-12,-2.7,0.0,6305
HAI,2006-02-13,-3.3,0.0,6305
HAI,2006-02-14,-3.5,0.0,6305
HAI,2006-02-15,3.0,1.7,6305
HAI,2006-02-16,3.6,5.0,6305
HAI,2006-02-17,4.3,0.2,6305
HAI,2006-02-18,4.6,1.3,6305
HAI,2006-02-19,4.2,0.0,6305
HAI,2006-02-20,1.2,9.9,6305
HAI,2006-02-21,1.0,0.0,6305
HAI,2006-02-22,-0.3,0.1,6305
HAI,2006-02-23,-1.7,0.0,6305
HAI,2006-02-24,-1.2,0.0,6305
HAI,2006-02-25,-3.0,0.0,6305
HAI,2006-02-26,-2.7,0.0,6305
HAI,2006-02-27,-3.6,0.1,6305
HAI,2006-02-28,0.2,0.9,6305
HAI,2006-03-01,-0.4,0.5,6305
HAI,2006-03-02,-1.3,0.0,6305
HAI,2006-03-03,-2.6,1.3,6305
HAI,2006-03-04,-3.4,0.0,6305
HAI,2006-03-05,-2.2,0.4,6305
HAI,2006-03-06,0.2,1.1,6305
HAI,2006-03-07,-1.2,0.0,6305
HAI,2006-03-08,-2.9,6.3,6305
HAI,2006-03-09,1.2,9.0,6305
HAI,2006-03-10,3.5,1.0,6305
HAI,2006-03-11,-1.5,4.0,6305
HAI,2006-03-12,-4.9,0.0,6305
HAI,2006-03-13,-5.9,0.0,6305
HAI,2006-03-14,-3.8,0.0,6305
HAI,2006-03-15,-2.4,0.1,6305
HAI,2006-03-16,-0.1,0.3,6305
HAI,2006-03-17,0.1,0.0,6305
HAI,2006-03-18,0.1,0.0,6305
HAI,2006-03-19,1.1,0.0,6305
HAI,2006-03-20,1.2,0.0,6305
HAI,2006-03-21,0.6,0.0,6305
HAI,2006-03-22,1.3,0.0,6305
HAI,2006-03-23,0.0,0.0,6305
HAI,2006-03-24,2.0,1.3,6305
HAI,2006-03-25,7.0,7.8,6305
HAI,2006-03-26,11.2,3.9,6305
HAI,2006-03-27,12.8,5.3,6305
HAI,2006-03-28,10.8,0.1,6305
HAI,2006-03-29,8.2,0.3,6305
HAI,2006-03-30,9.1,8.2,6305
HAI,2006-03-31,11.5,0.9,6305
HAI,2006-04-01,10.1,3.2,6305
HAI,2006-04-02,8.8,0.8,6305
HAI,2006-04-03,6.4,0.1,6305
HAI,2006-04-04,4.5,0.0,6305
HAI,2006-04-05,2.4,0.0,6305
HAI,2006-04-06,4.5,0.0,6305
HAI,2006-04-07,6.9,0.0,6305
HAI,2006-04-08,7.7,0.3,6305
HAI,2006-04-09,6.7,0.0,6305
HAI,2006-04-10,4.6,0.0,6305
HAI,2006-04-11,4.4,0.2,6305
HAI,2006-04-12,5.3,0.2,6305
HAI,2006-04-13,7.0,2.2,6305
HAI,2006-04-14,8.5,0.1,6305
HAI,2006-04-15,7.8,0.7,6305
HAI,2006-04-16,10.5,2.9,6305
HAI,2006-04-17,8.8,0.9,6305
HAI,2006-04-18,9.0,0.0,6305
HAI,2006-04-19,9.3,0.0,6305
HAI,2006-04-20,10.6,0.0,6305
HAI,2006-04-21,12.8,1.7,6305
HAI,2006-04-22,10.6,10.0,6305
HAI,2006-04-23,9.3,0.1,6305
HAI,2006-04-24,9.1,0.0,6305
HAI,2006-04-25,13.5,0.0,6305
HAI,2006-04-26,14.5,1.2,6305
HAI,2006-04-27,12.4,4.7,6305
HAI,2006-04-28,9.1,2.3,6305
HAI,2006-04-29,5.2,0.6,6305
HAI,2006-04-30,5.2,0.7,6305
HAI,2006-05-01,8.6,0.2,6305
HAI,2006-05-02,12.6,0.0,6305
HAI,2006-05-03,15.0,0.0,6305
HAI,2006-05-04,16.0,0.0,6305
HAI,2006-05-05,14.9,0.0,6305
HAI,2006-05-06,14.2,0.0,6305
HAI,2006-05-07,14.4,0.0,6305
HAI,2006-05-08,14.8,0.0,6305
HAI,2006-05-09,15.4,0.0,6305
HAI,2006-05-10,14.7,0.0,6305
HAI,2006-05-11,14.7,0.0,6305
HAI,2006-05-12,15.0,0.0,6305
HAI,2006-05-13,13.2,3.7,6305
HAI,2006-05-14,11.6,0.0,6305
HAI,2006-05-15,12.7,0.4,6305
HAI,2006-05-16,17.4,0.0,6305
HAI,2006-05-17,14.2,5.0,6305
HAI,2006-05-18,13.7,6.4,6305
HAI,2006-05-19,12.6,5.5,6305
HAI,2006-05-20,11.3,9.7,6305
HAI,2006-05-21,13.3,0.0,6305
HAI,2006-05-22,13.6,6.2,6305
HAI,2006-05-23,12.2,0.0,6305
HAI,2006-05-24,11.1,0.8,6305
HAI,2006-05-25,10.8,1.5,6305
HAI,2006-05-26,10.6,13.8,6305
HAI,2006-05-27,14.6,5.1,6305
HAI,2006-05-28,13.4,0.1,6305
HAI,2006-05-29,9.9,0.6,6305
HAI,2006-05-30,8.6,0.0,6305
HAI,2006-05-31,7.4,25.9,6305
HAI,2006-06-01,8.1,1.5,6305
HAI,2006-06-02,10.2,0.0,6305
HAI,2006-06-03,11.3,1.3,6305
HAI,2006-06-04,11.2,0.0,6305
HAI,2006-06-05,9.5,0.0,6305
HAI,2006-06-06,10.6,1.4,6305
HAI,2006-06-07,12.4,0.0,6305
HAI,2006-06-08,13.7,0.0,6305
HAI,2006-06-09,15.5,0.0,6305
HAI,2006-06-10,17.4,0.0,6305
HAI,2006-06-11,17.0,0.0,6305
HAI,2006-06-12,18.9,0.0,6305
HAI,2006-06-13,20.7,0.0,6305
HAI,2006-06-14,21.5,0.0,6305
HAI,2006-06-15,20.3,1.0,6305
HAI,2006-06-16,17.7,0.0,6305
HAI,2006-06-17,14.7,0.0,6305
HAI,2006-06-18,18.1,2.7,6305
HAI,2006-06-19,20.8,3.6,6305
HAI,2006-06-20,21.3,3.2,6305
HAI,2006-06-21,21.4,0.0,6305
HAI,2006-06-22,18.1,0.0,6305
HAI,2006-06-23,15.2,0.0,6305
HAI,2006-06-24,17.6,0.0,6305
HAI,2006-06-25,21.3,13.5,6305
HAI,2006-06-26,20.3,0.0,6305
HAI,2006-06-27,18.8,0.0,6305
HAI,2006-06-28,16.7,0.0,6305
HAI,2006-06-29,17.7,0.0,6305
HAI,2006-06-30,18.0,0.0,6305
HAI,2006-07-01,18.6,0.0,6305
HAI,2006-07-02,19.3,0.0,6305
HAI,2006-07-03,20.2,0.0,6305
HAI,2006-07-04,22.0,0.0,6305
HAI,2006-07-05,23.8,0.3,6305
HAI,2006-07-06,21.9,0.4,6305
HAI,2006-07-07,19.7,6.7,6305
HAI,2006-07-08,20.3,0.1,6305
HAI,2006-07-09,20.3,7.9,6305
HAI,2006-07-10,21.5,0.0,6305
HAI,2006-07-11,22.6,0.0,6305
HAI,2006-07-12,21.5,0.0,6305
HAI,2006-07-13,21.2,37.1,6305
HAI,2006-07-14,18.3,0.0,6305
HAI,2006-07-15,17.8,0.0,6305
HAI,2006-07-16,18.7,0.0,6305
HAI,2006-07-17,19.8,0.0,6305
HAI,2006-07-18,22.0,0.0,6305
HAI,2006-07-19,23.5,0.0,6305
HAI,2006-07-20,24.5,0.2,6305
HAI,2006-07-21,24.6,0.0,6305
HAI,2006-07-22,24.3,0.0,6305
HAI,2006-07-23,24.3,0.0,6305
HAI,2006-07-24,24.5,0.0,6305
HAI,2006-07-25,25.0,0.0,6305
HAI,2006-07-26,25.5,0.0,6305
HAI,2006-07-27,24.5,0.9,6305
HAI,2006-07-28,22.2,2.2,6305
HAI,2006-07-29,23.0,0.0,6305
HAI,2006-07-30,23.1,2.6,6305
HAI,2006-07-31,19.7,0.3,6305
HAI,2006-08-01,17.0,14.0,6305
HAI,2006-08-02,15.3,8.6,6305
HAI,2006-08-03,15.9,0.0,6305
HAI,2006-08-04,16.9,0.3,6305
HAI,2006-08-05,17.7,3.1,6305
HAI,2006-08-06,17.5,1.2,6305
HAI,2006-08-07,19.8,0.0,6305
HAI,2006-08-08,17.9,0.9,6305
HAI,2006-08-09,16.9,0.2,6305
HAI,2006-08-10,16.5,0.2,6305
HAI,2006-08-11,13.1,2.1,6305
HAI,2006-08-12,13.2,0.0,6305
HAI,2006-08-13,14.1,0.2,6305
HAI,2006-08-14,14.2,4.0,6305
HAI,2006-08-15,15.4,0.0,6305
HAI,2006-08-16,15.3,0.2,6305
HAI,2006-08-17,17.4,1.4,6305
HAI,2006-08-18,17.1,1.5,6305
HAI,2006-08-19,18.0,5.7,6305
HAI,2006-08-20,17.3,1.2,6305
HAI,2006-08-21,16.4,6.7,6305
HAI,2006-08-22,15.3,0.8,6305
HAI,2006-08-23,16.0,0.0,6305
HAI,2006-08-24,15.4,1.9,6305
HAI,2006-08-25,13.9,4.7,6305
HAI,2006-08-26,15.0,0.5,6305
HAI,2006-08-27,14.9,1.9,6305
HAI,2006-08-28,13.0,7.1,6305
HAI,2006-08-29,12.0,0.3,6305
HAI,2006-08-30,13.4,0.0,6305
HAI,2006-08-31,15.4,0.0,6305
HAI,2006-09-01,17.9,0.0,6305
HAI,2006-09-02,19.4,0.0,6305
HAI,2006-09-03,19.6,6.3,6305
HAI,2006-09-04,19.7,0.0,6305
HAI,2006-09-05,17.3,0.0,6305
HAI,2006-09-06,19.7,0.0,6305
HAI,2006-09-07,17.7,0.0,6305
HAI,2006-09-08,14.4,0.0,6305
HAI,2006-09-09,12.6,0.0,6305
HAI,2006-09-10,14.5,0.0,6305
HAI,2006-09-11,16.0,0.0,6305
HAI,2006-09-12,16.9,0.0,6305
HAI,2006-09-13,17.3,0.0,6305
HAI,2006-09-14,18.1,0.0,6305
HAI,2006-09-15,18.4,0.0,6305
HAI,2006-09-16,20.4,0.0,6305
HAI,2006-09-17,17.9,0.0,6305
HAI,2006-09-18,17.0,0.0,6305
HAI,2006-09-19,17.4,0.0,6305
HAI,2006-09-20,13.5,0.0,6305
HAI,2006-09-21,14.5,0.0,6305
HAI,2006-09-22,16.3,0.0,6305
HAI,2006-09-23,16.6,0.0,6305
HAI,2006-09-24,14.7,0.0,6305
HAI,2006-09-25,15.8,0.0,6305
HAI,2006-09-26,17.2,2.0,6305
HAI,2006-09-27,15.2,0.0,6305
HAI,2006-09-28,14.3,0.0,6305
HAI,2006-09-29,14.4,0.0,6305
HAI,2006-09-30,15.0,0.3,6305
HAI,2006-10-01,15.2,3.2,6305
HAI,2006-10-02,15.0,0.0,6305
HAI,2006-10-03,13.1,4.8,6305
HAI,2006-10-04,12.3,0.2,6305
HAI,2006-10-05,12.3,1.3,6305
HAI,2006-10-06,14.1,1.1,6305
HAI,2006-10-07,13.0,1.6,6305
HAI,2006-10-08,9.8,0.0,6305
HAI,2006-10-09,8.8,0.0,6305
HAI,2006-10-10,11.1,0.0,6305
HAI,2006-10-11,9.9,0.0,6305
HAI,2006-10-12,12.3,0.0,6305
HAI,2006-10-13,14.7,0.0,6305
HAI,2006-10-14,12.0,0.0,6305
HAI,2006-10-15,9.0,0.0,6305
HAI,2006-10-16,8.9,0.0,6305
HAI,2006-10-17,5.8,0.0,6305
HAI,2006-10-18,6.6,0.0,6305
HAI,2006-10-19,9.9,0.0,6305
HAI,2006-10-20,10.9,0.2,6305
HAI,2006-10-21,12.3,0.1,6305
HAI,2006-10-22,13.4,0.5,6305
HAI,2006-10-23,15.2,4.7,6305
HAI,2006-10-24,14.7,0.8,6305
HAI,2006-10-25,10.1,0.0,6305
HAI,2006-10-26,13.0,0.0,6305
HAI,2006-10-27,15.9,0.0,6305
HAI,2006-10-28,11.2,4.9,6305
HAI,2006-10-29,14.0,3.8,6305
HAI,2006-10-30,10.0,0.0,6305
HAI,2006-10-31,11.4,0.7,6305
HAI,2006-11-01,5.2,6.4,6305
HAI,2006-11-02,1.2,0.2,6305
HAI,2006-11-03,2.5,0.0,6305
HAI,2006-11-04,6.4,1.7,6305
HAI,2006-11-05,9.5,0.7,6305
HAI,2006-11-06,10.8,0.0,6305
HAI,2006-11-07,7.6,0.0,6305
HAI,2006-11-08,8.4,3.3,6305
HAI,2006-11-09,9.1,0.2,6305
HAI,2006-11-10,5.4,0.0,6305
HAI,2006-11-11,6.4,2.9,6305
HAI,2006-11-12,6.3,0.7,6305
HAI,2006-11-13,7.6,4.2,6305
HAI,2006-11-14,11.9,0.1,6305
HAI,2006-11-15,11.3,0.0,6305
HAI,2006-11-16,11.3,0.0,6305
HAI,2006-11-17,11.4,0.4,6305
HAI,2006-11-18,9.7,0.2,6305
HAI,2006-11-19,6.9,3.3,6305
HAI,2006-11-20,5.6,0.3,6305
HAI,2006-11-21,6.8,2.1,6305
HAI,2006-11-22,3.9,0.1,6305
HAI,2006-11-23,7.5,2.9,6305
HAI,2006-11-24,10.1,0.4,6305
HAI,2006-11-25,11.3,0.0,6305
HAI,2006-11-26,9.9,0.0,6305
HAI,2006-11-27,4.0,0.0,6305
HAI,2006-11-28,2.8,0.0,6305
HAI,2006-11-29,5.4,0.0,6305
HAI,2006-11-30,3.7,0.0,6305
HAI,2006-12-01,4.8,0.0,6305
HAI,2006-12-02,4.4,0.0,6305
HAI,2006-12-03,7.4,3.4,6305
HAI,2006-12-04,8.6,1.5,6305
HAI,2006-12-05,12.8,1.4,6305
HAI,2006-12-06,10.4,0.1,6305
HAI,2006-12-07,7.9,0.4,6305
HAI,2006-12-08,10.0,0.6,6305
HAI,2006-12-09,6.5,0.0,6305
HAI,2006-12-10,3.2,0.0,6305
HAI,2006-12-11,3.7,2.2,6305
HAI,2006-12-12,5.7,0.7,6305
HAI,2006-12-13,6.1,0.1,6305
HAI,2006-12-14,7.5,0.0,6305
HAI,2006-12-15,5.2,0.0,6305
HAI,2006-12-16,6.3,1.4,6305
HAI,2006-12-17,3.1,0.5,6305
HAI,2006-12-18,3.1,0.0,6305
HAI,2006-12-19,3.5,0.0,6305
HAI,2006-12-20,3.8,0.0,6305
HAI,2006-12-21,5.2,0.0,6305
HAI,2006-12-22,4.6,0.0,6305
HAI,2006-12-23,3.4,0.0,6305
HAI,2006-12-24,0.7,0.0,6305
HAI,2006-12-25,1.8,0.0,6305
HAI,2006-12-26,0.3,0.0,6305
HAI,2006-12-27,-2.0,0.0,6305
HAI,2006-12-28,0.3,1.8,6305
HAI,2006-12-29,1.5,0.0,6305
HAI,2006-12-30,1.9,4.6,6305
HAI,2006-12-31,9.0,2.3,6305
HAI,2007-01-01,8.1,3.6,6305
HAI,2007-01-02,4.0,0.6,6305
HAI,2007-01-03,5.2,0.6,6305
HAI,2007-01-04,6.8,1.1,6305
HAI,2007-01-05,7.1,0.5,6305
HAI,2007-01-06,9.1,5.5,6305
HAI,2007-01-07,7.9,0.4,6305
HAI,2007-01-08,7.5,0.7,6305
HAI,2007-01-09,12.0,0.0,6305
HAI,2007-01-10,11.0,2.2,6305
HAI,2007-01-11,6.4,10.2,6305
HAI,2007-01-12,8.1,0.0,6305
HAI,2007-01-13,11.0,1.0,6305
HAI,2007-01-14,7.3,0.0,6305
HAI,2007-01-15,1.2,0.0,6305
HAI,2007-01-16,3.7,0.0,6305
HAI,2007-01-17,8.4,6.9,6305
HAI,2007-01-18,10.3,15.5,6305
HAI,2007-01-19,8.4,1.6,6305
HAI,2007-01-20,10.4,1.9,6305
HAI,2007-01-21,5.9,1.7,6305
HAI,2007-01-22,2.4,0.0,6305
HAI,2007-01-23,-4.3,0.0,6305
HAI,2007-01-24,-4.0,0.0,6305
HAI,2007-01-25,-3.4,0.0,6305
HAI,2007-01-26,-5.7,1.4,6305
HAI,2007-01-27,1.5,0.0,6305
HAI,2007-01-28,3.7,2.0,6305
HAI,2007-01-29,5.3,0.9,6305
HAI,2007-01-30,5.7,0.0,6305
HAI,2007-01-31,6.5,0.0,6305
HAI,2007-02-01,6.5,0.1,6305
HAI,2007-02-02,7.6,0.0,6305
HAI,2007-02-03,6.0,0.4,6305
HAI,2007-02-04,4.7,0.0,6305
HAI,2007-02-05,1.6,0.1,6305
HAI,2007-02-06,0.7,0.0,6305
HAI,2007-02-07,-1.4,1.8,6305
HAI,2007-02-08,-0.3,5.6,6305
HAI,2007-02-09,2.7,2.8,6305
HAI,2007-02-10,-0.2,4.2,6305
HAI,2007-02-11,0.1,3.5,6305
HAI,2007-02-12,5.2,2.5,6305
HAI,2007-02-13,6.8,1.8,6305
HAI,2007-02-14,5.0,6.4,6305
HAI,2007-02-15,5.1,0.0,6305
HAI,2007-02-16,3.4,0.0,6305
HAI,2007-02-17,2.1,0.0,6305
HAI,2007-02-18,3.0,0.0,6305
HAI,2007-02-19,3.1,0.0,6305
HAI,2007-02-20,2.7,0.0,6305
HAI,2007-02-21,2.9,1.1,6305
HAI,2007-02-22,5.6,0.0,6305
HAI,2007-02-23,4.3,0.0,6305
HAI,2007-02-24,4.7,0.1,6305
HAI,2007-02-25,7.6,2.6,6305
HAI,2007-02-26,6.3,2.4,6305
HAI,2007-02-27,4.1,5.0,6305
HAI,2007-02-28,9.0,2.5,6305
HAI,2007-03-01,8.3,5.3,6305
HAI,2007-03-02,5.1,3.1,6305
HAI,2007-03-03,4.1,2.7,6305
HAI,2007-03-04,5.4,0.0,6305
HAI,2007-03-05,5.5,2.7,6305
HAI,2007-03-06,6.8,0.2,6305
HAI,2007-03-07,7.9,1.0,6305
HAI,2007-03-08,3.3,0.0,6305
HAI,2007-03-09,5.4,1.3,6305
HAI,2007-03-10,5.4,0.0,6305
HAI,2007-03-11,6.1,0.0,6305
HAI,2007-03-12,6.9,0.0,6305
HAI,2007-03-13,8.6,0.0,6305
HAI,2007-03-14,7.2,0.0,6305
HAI,2007-03-15,4.5,0.0,6305
HAI,2007-03-16,6.5,0.0,6305
HAI,2007-03-17,8.2,1.7,6305
HAI,2007-03-18,6.8,5.7,6305
HAI,2007-03-19,2.9,0.0,6305
HAI,2007-03-20,2.0,2.0,6305
HAI,2007-03-21,2.0,5.0,6305
HAI,2007-03-22,1.3,14.2,6305
HAI,2007-03-23,4.3,0.2,6305
HAI,2007-03-24,7.7,0.0,6305
HAI,2007-03-25,7.7,0.0,6305
HAI,2007-03-26,7.8,0.0,6305
HAI,2007-03-27,6.9,0.0,6305
HAI,2007-03-28,7.5,0.8,6305
HAI,2007-03-29,7.8,0.0,6305
HAI,2007-03-30,7.3,2.5,6305
HAI,2007-03-31,9.2,0.0,6305
HAI,2007-04-01,9.3,0.0,6305
HAI,2007-04-02,9.0,0.0,6305
HAI,2007-04-03,5.6,1.2,6305
HAI,2007-04-04,4.5,0.0,6305
HAI,2007-04-05,5.7,0.0,6305
HAI,2007-04-06,11.0,0.0,6305
HAI,2007-04-07,7.4,0.0,6305
HAI,2007-04-08,7.7,0.0,6305
HAI,2007-04-09,10.0,0.0,6305
HAI,2007-04-10,11.2,0.0,6305
HAI,2007-04-11,9.2,0.0,6305
HAI,2007-04-12,10.3,0.0,6305
HAI,2007-04-13,13.4,0.0,6305
HAI,2007-04-14,13.9,0.0,6305
HAI,2007-04-15,13.7,0.0,6305
HAI,2007-04-16,14.5,0.0,6305
HAI,2007-04-17,12.7,0.0,6305
HAI,2007-04-18,7.7,0.0,6305
HAI,2007-04-19,9.6,0.0,6305
HAI,2007-04-20,7.4,0.0,6305
HAI,2007-04-21,5.5,0.0,6305
HAI,2007-04-22,9.5,0.0,6305
HAI,2007-04-23,13.3,3.0,6305
HAI,2007-04-24,14.7,0.0,6305
HAI,2007-04-25,15.1,0.0,6305
HAI,2007-04-26,15.4,0.0,6305
HAI,2007-04-27,15.7,0.0,6305
HAI,2007-04-28,16.5,0.0,6305
HAI,2007-04-29,11.5,0.0,6305
HAI,2007-04-30,10.0,0.0,6305
HAI,2007-05-01,9.3,0.0,6305
HAI,2007-05-02,9.3,0.0,6305
HAI,2007-05-03,11.6,0.0,6305
HAI,2007-05-04,14.0,0.0,6305
HAI,2007-05-05,15.7,0.0,6305
HAI,2007-05-06,15.7,0.0,6305
HAI,2007-05-07,13.6,6.2,6305
HAI,2007-05-08,11.8,3.5,6305
HAI,2007-05-09,11.9,0.4,6305
HAI,2007-05-10,14.9,0.2,6305
HAI,2007-05-11,13.7,1.6,6305
HAI,2007-05-12,12.6,3.7,6305
HAI,2007-05-13,14.7,3.0,6305
HAI,2007-05-14,14.1,11.1,6305
HAI,2007-05-15,10.2,0.7,6305
HAI,2007-05-16,9.3,3.1,6305
HAI,2007-05-17,8.7,0.0,6305
HAI,2007-05-18,11.4,0.0,6305
HAI,2007-05-19,15.5,0.0,6305
HAI,2007-05-20,18.6,0.0,6305
HAI,2007-05-21,21.3,0.0,6305
HAI,2007-05-22,20.7,8.4,6305
HAI,2007-05-23,17.7,0.1,6305
HAI,2007-05-24,20.2,0.0,6305
HAI,2007-05-25,20.8,3.1,6305
HAI,2007-05-26,20.7,17.0,6305
HAI,2007-05-27,17.3,5.9,6305
HAI,2007-05-28,14.2,11.1,6305
HAI,2007-05-29,11.6,21.7,6305
HAI,2007-05-30,11.6,0.0,6305
HAI,2007-05-31,12.5,0.0,6305
HAI,2007-06-01,15.9,0.0,6305
HAI,2007-06-02,15.8,0.0,6305
HAI,2007-06-03,15.7,0.0,6305
HAI,2007-06-04,16.9,0.0,6305
HAI,2007-06-05,17.2,0.3,6305
HAI,2007-06-06,18.2,1.6,6305
HAI,2007-06-07,21.5,0.0,6305
HAI,2007-06-08,22.1,0.0,6305
HAI,2007-06-09,22.4,0.0,6305
HAI,2007-06-10,21.9,0.0,6305
HAI,2007-06-11,20.1,0.0,6305
HAI,2007-06-12,19.4,6.7,6305
HAI,2007-06-13,19.6,0.0,6305
HAI,2007-06-14,20.6,2.3,6305
HAI,2007-06-15,19.8,8.9,6305
HAI,2007-06-16,17.1,0.0,6305
HAI,2007-06-17,18.2,4.3,6305
HAI,2007-06-18,18.8,0.0,6305
HAI,2007-06-19,20.0,0.0,6305
HAI,2007-06-20,21.3,21.7,6305
HAI,2007-06-21,16.9,14.7,6305
HAI,2007-06-22,15.5,11.2,6305
HAI,2007-06-23,15.9,3.3,6305
HAI,2007-06-24,17.0,0.0,6305
HAI,2007-06-25,17.7,2.8,6305
HAI,2007-06-26,13.9,0.3,6305
HAI,2007-06-27,12.4,0.5,6305
HAI,2007-06-28,13.6,1.7,6305
HAI,2007-06-29,14.1,0.2,6305
HAI,2007-06-30,16.5,0.0,6305
HAI,2007-07-01,19.3,2.4,6305
HAI,2007-07-02,17.2,2.4,6305
HAI,2007-07-03,15.0,0.9,6305
HAI,2007-07-04,14.3,3.4,6305
HAI,2007-07-05,14.6,1.0,6305
HAI,2007-07-06,15.5,1.8,6305
HAI,2007-07-07,16.7,0.0,6305
HAI,2007-07-08,16.4,2.4,6305
HAI,2007-07-09,13.8,1.6,6305
HAI,2007-07-10,14.2,0.0,6305
HAI,2007-07-11,14.0,0.6,6305
HAI,2007-07-12,16.5,0.0,6305
HAI,2007-07-13,18.7,0.0,6305
HAI,2007-07-14,22.1,0.0,6305
HAI,2007-07-15,25.2,0.0,6305
HAI,2007-07-16,25.9,0.0,6305
HAI,2007-07-17,22.6,0.0,6305
HAI,2007-07-18,21.0,0.0,6305
HAI,2007-07-19,20.3,0.1,6305
HAI,2007-07-20,19.5,3.8,6305
HAI,2007-07-21,18.8,23.8,6305
HAI,2007-07-22,17.5,2.7,6305
HAI,2007-07-23,16.9,1.9,6305
HAI,2007-07-24,16.5,0.2,6305
HAI,2007-07-25,17.3,0.0,6305
HAI,2007-07-26,19.5,0.1,6305
HAI,2007-07-27,19.8,2.0,6305
HAI,2007-07-28,17.0,15.1,6305
HAI,2007-07-29,14.3,13.2,6305
HAI,2007-07-30,12.8,0.3,6305
HAI,2007-07-31,13.5,0.0,6305
HAI,2007-08-01,15.6,0.0,6305
HAI,2007-08-02,15.0,0.4,6305
HAI,2007-08-03,15.4,0.0,6305
HAI,2007-08-04,16.6,0.0,6305
HAI,2007-08-05,18.7,0.0,6305
HAI,2007-08-06,20.2,0.0,6305
HAI,2007-08-07,20.1,7.5,6305
HAI,2007-08-08,16.6,10.8,6305
HAI,2007-08-09,18.3,17.0,6305
HAI,2007-08-10,19.6,0.7,6305
HAI,2007-08-11,16.7,14.5,6305
HAI,2007-08-12,16.5,0.0,6305
HAI,2007-08-13,15.8,5.8,6305
HAI,2007-08-14,17.6,0.4,6305
HAI,2007-08-15,20.9,2.3,6305
HAI,2007-08-16,18.5,0.0,6305
HAI,2007-08-17,15.2,0.0,6305
HAI,2007-08-18,15.7,0.0,6305
HAI,2007-08-19,16.8,0.0,6305
HAI,2007-08-20,16.7,1.3,6305
HAI,2007-08-21,15.5,11.3,6305
HAI,2007-08-22,17.2,0.5,6305
HAI,2007-08-23,16.6,0.2,6305
HAI,2007-08-24,18.6,0.0,6305
HAI,2007-08-25,19.4,0.0,6305
HAI,2007-08-26,18.1,0.0,6305
HAI,2007-08-27,15.1,0.0,6305
HAI,2007-08-28,13.4,0.0,6305
HAI,2007-08-29,12.7,0.0,6305
HAI,2007-08-30,13.8,0.0,6305
HAI,2007-08-31,15.9,0.1,6305
HAI,2007-09-01,15.5,0.0,6305
HAI,2007-09-02,15.8,0.5,6305
HAI,2007-09-03,13.2,8.2,6305
HAI,2007-09-04,10.6,0.0,6305
HAI,2007-09-05,11.8,0.0,6305
HAI,2007-09-06,12.7,0.2,6305
HAI,2007-09-07,15.0,0.0,6305
HAI,2007-09-08,15.3,0.6,6305
HAI,2007-09-09,13.4,0.2,6305
HAI,2007-09-10,12.4,7.0,6305
HAI,2007-09-11,13.7,0.0,6305
HAI,2007-09-12,13.2,0.0,6305
HAI,2007-09-13,11.8,0.0,6305
HAI,2007-09-14,13.1,0.0,6305
HAI,2007-09-15,12.6,0.0,6305
HAI,2007-09-16,11.7,0.0,6305
HAI,2007-09-17,15.5,5.1,6305
HAI,2007-09-18,10.8,1.7,6305
HAI,2007-09-19,8.1,0.0,6305
HAI,2007-09-20,10.5,0.0,6305
HAI,2007-09-21,11.9,0.0,6305
HAI,2007-09-22,13.2,0.0,6305
HAI,2007-09-23,13.9,0.0,6305
HAI,2007-09-24,15.7,5.0,6305
HAI,2007-09-25,12.1,0.0,6305
HAI,2007-09-26,10.2,0.8,6305
HAI,2007-09-27,11.6,27.9,6305
HAI,2007-09-28,11.9,24.5,6305
HAI,2007-09-29,12.1,16.5,6305
HAI,2007-09-30,12.7,0.0,6305
HAI,2007-10-01,11.2,2.4,6305
HAI,2007-10-02,13.6,0.0,6305
HAI,2007-10-03,13.5,0.0,6305
HAI,2007-10-04,15.3,0.0,6305
HAI,2007-10-05,11.4,0.0,6305
HAI,2007-10-06,9.3,0.0,6305
HAI,2007-10-07,7.6,0.0,6305
HAI,2007-10-08,8.4,0.0,6305
HAI,2007-10-09,10.5,0.0,6305
HAI,2007-10-10,10.1,0.0,6305
HAI,2007-10-11,7.6,0.0,6305
HAI,2007-10-12,11.4,0.0,6305
HAI,2007-10-13,9.0,0.0,6305
HAI,2007-10-14,5.9,0.0,6305
HAI,2007-10-15,8.2,0.0,6305
HAI,2007-10-16,9.1,0.0,6305
HAI,2007-10-17,10.9,0.9,6305
HAI,2007-10-18,8.1,2.4,6305
HAI,2007-10-19,6.4,0.2,6305
HAI,2007-10-20,4.5,0.6,6305
HAI,2007-10-21,5.3,3.0,6305
HAI,2007-10-22,3.5,0.0,6305
HAI,2007-10-23,4.6,0.0,6305
HAI,2007-10-24,5.3,0.1,6305
HAI,2007-10-25,6.4,0.0,6305
HAI,2007-10-26,6.6,0.0,6305
HAI,2007-10-27,7.0,0.0,6305
HAI,2007-10-28,3.3,0.0,6305
HAI,2007-10-29,5.5,0.5,6305
HAI,2007-10-30,6.9,0.2,6305
HAI,2007-10-31,4.1,0.0,6305
HAI,2007-11-01,5.4,0.1,6305
HAI,2007-11-02,10.2,0.1,6305
HAI,2007-11-03,11.4,0.1,6305
HAI,2007-11-04,8.0,0.0,6305
HAI,2007-11-05,4.7,1.0,6305
HAI,2007-11-06,6.0,5.3,6305
HAI,2007-11-07,7.1,2.5,6305
HAI,2007-11-08,9.0,6.0,6305
HAI,2007-11-09,4.7,2.3,6305
HAI,2007-11-10,3.4,6.0,6305
HAI,2007-11-11,4.5,7.1,6305
HAI,2007-11-12,3.6,0.8,6305
HAI,2007-11-13,3.2,1.3,6305
HAI,2007-11-14,1.4,0.6,6305
HAI,2007-11-15,0.9,0.0,6305
HAI,2007-11-16,0.4,0.0,6305
HAI,2007-11-17,3.8,0.3,6305
HAI,2007-11-18,4.1,0.0,6305
HAI,2007-11-19,1.4,0.0,6305
HAI,2007-11-20,1.8,0.0,6305
HAI,2007-11-21,2.7,0.1,6305
HAI,2007-11-22,5.4,0.3,6305
HAI,2007-11-23,6.4,4.1,6305
HAI,2007-11-24,1.9,0.4,6305
HAI,2007-11-25,3.4,3.9,6305
HAI,2007-11-26,2.2,0.5,6305
HAI,2007-11-27,1.9,0.1,6305
HAI,2007-11-28,0.4,0.0,6305
HAI,2007-11-29,0.6,0.8,6305
HAI,2007-11-30,4.9,4.7,6305
HAI,2007-12-01,6.8,2.0,6305
HAI,2007-12-02,8.0,4.2,6305
HAI,2007-12-03,6.2,2.7,6305
HAI,2007-12-04,5.0,1.8,6305
HAI,2007-12-05,8.0,0.1,6305
HAI,2007-12-06,8.9,13.9,6305
HAI,2007-12-07,9.2,2.6,6305
HAI,2007-12-08,5.4,0.2,6305
HAI,2007-12-09,5.7,1.0,6305
HAI,2007-12-10,5.0,1.9,6305
HAI,2007-12-11,4.3,1.1,6305
HAI,2007-12-12,3.9,0.0,6305
HAI,2007-12-13,3.1,0.2,6305
HAI,2007-12-14,0.8,0.0,6305
HAI,2007-12-15,-0.4,0.0,6305
HAI,2007-12-16,-2.0,0.0,6305
HAI,2007-12-17,-0.6,0.0,6305
HAI,2007-12-18,-1.4,0.0,6305
HAI,2007-12-19,-3.4,0.0,6305
HAI,2007-12-20,-4.8,0.0,6305
HAI,2007-12-21,-6.0,0.0,6305
HAI,2007-12-22,-5.7,0.0,6305
HAI,2007-12-23,-3.7,3.5,6305
HAI,2007-12-24,0.3,0.0,6305
HAI,2007-12-25,-3.2,0.0,6305
HAI,2007-12-26,-2.1,0.2,6305
HAI,2007-12-27,1.1,0.0,6305
HAI,2007-12-28,2.0,0.0,6305
HAI,2007-12-29,1.0,0.2,6305
HAI,2007-12-30,3.7,0.4,6305
HAI,2007-12-31,2.0,0.5,6305
HAI,2008-01-01,0.4,0.0,6305
HAI,2008-01-02,-1.4,0.0,6305
HAI,2008-01-03,-1.8,0.0,6305
HAI,2008-01-04,-3.0,0.0,6305
HAI,2008-01-05,0.2,3.3,6305
HAI,2008-01-06,2.9,0.2,6305
HAI,2008-01-07,2.9,2.3,6305
HAI,2008-01-08,3.6,0.0,6305
HAI,2008-01-09,2.5,0.2,6305
HAI,2008-01-10,3.9,0.0,6305
HAI,2008-01-11,6.8,0.0,6305
HAI,2008-01-12,4.8,0.0,6305
HAI,2008-01-13,0.0,0.0,6305
HAI,2008-01-14,0.2,0.0,6305
HAI,2008-01-15,6.1,0.0,6305
HAI,2008-01-16,6.8,0.0,6305
HAI,2008-01-17,4.6,4.6,6305
HAI,2008-01-18,7.0,2.8,6305
HAI,2008-01-19,11.7,8.8,6305
HAI,2008-01-20,11.5,0.2,6305
HAI,2008-01-21,10.3,7.7,6305
HAI,2008-01-22,4.3,0.1,6305
HAI,2008-01-23,2.7,0.0,6305
HAI,2008-01-24,6.3,0.4,6305
HAI,2008-01-25,4.4,0.0,6305
HAI,2008-01-26,7.2,2.1,6305
HAI,2008-01-27,7.0,2.2,6305
HAI,2008-01-28,7.2,0.0,6305
HAI,2008-01-29,5.0,0.0,6305
HAI,2008-01-30,1.4,1.2,6305
HAI,2008-01-31,1.8,0.6,6305
HAI,2008-02-01,3.7,0.3,6305
HAI,2008-02-02,2.0,0.6,6305
HAI,2008-02-03,-1.1,0.0,6305
HAI,2008-02-04,0.2,0.0,6305
HAI,2008-02-05,4.8,2.9,6305
HAI,2008-02-06,7.6,3.3,6305
HAI,2008-02-07,3.5,0.0,6305
HAI,2008-02-08,3.8,0.0,6305
HAI,2008-02-09,1.4,0.0,6305
HAI,2008-02-10,2.0,0.0,6305
HAI,2008-02-11,2.0,0.0,6305
HAI,2008-02-12,0.7,0.0,6305
HAI,2008-02-13,2.0,0.0,6305
HAI,2008-02-14,-0.2,0.0,6305
HAI,2008-02-15,-0.8,0.0,6305
HAI,2008-02-16,-4.2,0.0,6305
HAI,2008-02-17,-1.7,0.0,6305
HAI,2008-02-18,2.1,0.0,6305
HAI,2008-02-19,1.8,0.0,6305
HAI,2008-02-20,0.3,2.6,6305
HAI,2008-02-21,5.7,0.2,6305
HAI,2008-02-22,9.4,0.0,6305
HAI,2008-02-23,9.5,0.0,6305
HAI,2008-02-24,8.4,1.4,6305
HAI,2008-02-25,5.9,0.1,6305
HAI,2008-02-26,9.6,1.6,6305
HAI,2008-02-27,7.4,0.0,6305
HAI,2008-02-28,4.9,0.2,6305
HAI,2008-02-29,5.8,14.9,6305
HAI,2008-03-01,7.2,5.3,6305
HAI,2008-03-02,8.0,7.7,6305
HAI,2008-03-03,6.3,0.4,6305
HAI,2008-03-04,2.7,0.1,6305
HAI,2008-03-05,0.3,0.0,6305
HAI,2008-03-06,2.4,0.0,6305
HAI,2008-03-07,6.4,0.0,6305
HAI,2008-03-08,5.5,0.0,6305
HAI,2008-03-09,5.0,0.0,6305
HAI,2008-03-10,9.2,0.1,6305
HAI,2008-03-11,7.9,5.4,6305
HAI,2008-03-12,8.1,1.6,6305
HAI,2008-03-13,6.7,1.1,6305
HAI,2008-03-14,5.4,0.3,6305
HAI,2008-03-15,4.9,2.9,6305
HAI,2008-03-16,7.7,3.5,6305
HAI,2008-03-17,4.1,0.2,6305
HAI,2008-03-18,1.5,2.4,6305
HAI,2008-03-19,2.1,1.3,6305
HAI,2008-03-20,2.4,6.1,6305
HAI,2008-03-21,2.6,2.1,6305
HAI,2008-03-22,2.3,5.1,6305
HAI,2008-03-23,-1.7,0.2,6305
HAI,2008-03-24,-1.3,0.5,6305
HAI,2008-03-25,0.1,0.6,6305
HAI,2008-03-26,1.2,0.0,6305
HAI,2008-03-27,2.1,0.0,6305
HAI,2008-03-28,5.7,1.6,6305
HAI,2008-03-29,7.2,0.0,6305
HAI,2008-03-30,9.6,0.0,6305
HAI,2008-03-31,9.8,0.1,6305
HAI,2008-04-01,11.1,3.4,6305
HAI,2008-04-02,7.3,2.0,6305
HAI,2008-04-03,6.6,0.5,6305
HAI,2008-04-04,5.8,0.3,6305
HAI,2008-04-05,5.8,4.7,6305
HAI,2008-04-06,3.8,3.7,6305
HAI,2008-04-07,2.5,1.7,6305
HAI,2008-04-08,4.5,0.0,6305
HAI,2008-04-09,4.6,7.6,6305
HAI,2008-04-10,3.8,1.2,6305
HAI,2008-04-11,5.6,4.9,6305
HAI,2008-04-12,8.2,0.0,6305
HAI,2008-04-13,7.8,1.8,6305
HAI,2008-04-14,7.9,0.0,6305
HAI,2008-04-15,6.1,0.0,6305
HAI,2008-04-16,5.3,0.0,6305
HAI,2008-04-17,4.8,0.3,6305
HAI,2008-04-18,6.2,0.1,6305
HAI,2008-04-19,6.1,0.1,6305
HAI,2008-04-20,7.5,0.5,6305
HAI,2008-04-21,10.5,0.6,6305
HAI,2008-04-22,10.3,0.4,6305
HAI,2008-04-23,10.0,0.0,6305
HAI,2008-04-24,10.7,4.3,6305
HAI,2008-04-25,10.5,0.0,6305
HAI,2008-04-26,10.6,0.0,6305
HAI,2008-04-27,11.7,0.0,6305
HAI,2008-04-28,13.2,8.5,6305
HAI,2008-04-29,11.2,0.3,6305
HAI,2008-04-30,11.2,0.1,6305
HAI,2008-05-01,10.9,0.5,6305
HAI,2008-05-02,9.1,1.1,6305
HAI,2008-05-03,9.8,0.0,6305
HAI,2008-05-04,10.4,0.0,6305
HAI,2008-05-05,11.2,0.0,6305
HAI,2008-05-06,13.9,0.0,6305
HAI,2008-05-07,13.4,0.0,6305
HAI,2008-05-08,13.9,0.0,6305
HAI,2008-05-09,14.4,0.0,6305
HAI,2008-05-10,15.0,0.0,6305
HAI,2008-05-11,15.0,0.0,6305
HAI,2008-05-12,15.2,0.0,6305
HAI,2008-05-13,15.5,0.0,6305
HAI,2008-05-14,14.5,0.1,6305
HAI,2008-05-15,13.1,2.7,6305
HAI,2008-05-16,14.9,2.1,6305
HAI,2008-05-17,14.0,0.1,6305
HAI,2008-05-18,11.3,0.0,6305
HAI,2008-05-19,11.2,0.0,6305
HAI,2008-05-20,11.3,0.0,6305
HAI,2008-05-21,12.5,0.0,6305
HAI,2008-05-22,12.3,0.2,6305
HAI,2008-05-23,13.2,2.6,6305
HAI,2008-05-24,14.1,0.6,6305
HAI,2008-05-25,15.7,0.1,6305
HAI,2008-05-26,15.8,0.4,6305
HAI,2008-05-27,15.6,0.0,6305
HAI,2008-05-28,18.4,0.0,6305
HAI,2008-05-29,19.6,0.0,6305
HAI,2008-05-30,21.7,0.0,6305
HAI,2008-05-31,19.8,0.5,6305
HAI,2008-06-01,20.8,0.0,6305
HAI,2008-06-02,21.4,0.0,6305
HAI,2008-06-03,20.3,0.2,6305
HAI,2008-06-04,18.3,2.9,6305
HAI,2008-06-05,18.0,0.0,6305
HAI,2008-06-06,16.7,0.0,6305
HAI,2008-06-07,18.5,0.0,6305
HAI,2008-06-08,20.0,0.0,6305
HAI,2008-06-09,20.0,0.0,6305
HAI,2008-06-10,20.5,0.0,6305
HAI,2008-06-11,15.8,0.2,6305
HAI,2008-06-12,12.8,19.9,6305
HAI,2008-06-13,11.4,1.1,6305
HAI,2008-06-14,11.8,0.8,6305
HAI,2008-06-15,13.1,4.7,6305
HAI,2008-06-16,13.3,0.0,6305
HAI,2008-06-17,13.7,0.0,6305
HAI,2008-06-18,16.5,0.0,6305
HAI,2008-06-19,17.7,3.5,6305
HAI,2008-06-20,17.4,0.0,6305
HAI,2008-06-21,15.6,0.8,6305
HAI,2008-06-22,19.6,9.8,6305
HAI,2008-06-23,19.3,0.0,6305
HAI,2008-06-24,16.7,0.0,6305
HAI,2008-06-25,16.5,17.6,6305
HAI,2008-06-26,17.3,0.0,6305
HAI,2008-06-27,15.3,0.3,6305
HAI,2008-06-28,17.5,0.0,6305
HAI,2008-06-29,19.0,0.0,6305
HAI,2008-06-30,18.5,0.0,6305
HAI,2008-07-01,19.3,0.0,6305
HAI,2008-07-02,22.5,0.0,6305
HAI,2008-07-03,21.6,12.2,6305
HAI,2008-07-04,18.0,0.0,6305
HAI,2008-07-05,17.2,0.0,6305
HAI,2008-07-06,19.6,0.4,6305
HAI,2008-07-07,17.1,2.3,6305
HAI,2008-07-08,15.8,4.8,6305
HAI,2008-07-09,15.8,1.2,6305
HAI,2008-07-10,19.0,0.6,6305
HAI,2008-07-11,18.9,3.5,6305
HAI,2008-07-12,16.9,1.8,6305
HAI,2008-07-13,14.7,0.0,6305
HAI,2008-07-14,15.0,0.0,6305
HAI,2008-07-15,19.0,0.0,6305
HAI,2008-07-16,16.2,4.6,6305
HAI,2008-07-17,14.8,0.4,6305
HAI,2008-07-18,15.3,1.1,6305
HAI,2008-07-19,16.4,6.0,6305
HAI,2008-07-20,14.7,1.5,6305
HAI,2008-07-21,11.9,1.3,6305
HAI,2008-07-22,15.4,0.0,6305
HAI,2008-07-23,16.4,0.0,6305
HAI,2008-07-24,18.3,0.0,6305
HAI,2008-07-25,21.4,0.0,6305
HAI,2008-07-26,24.1,0.0,6305
HAI,2008-07-27,23.7,0.0,6305
HAI,2008-07-28,23.8,0.0,6305
HAI,2008-07-29,22.1,2.6,6305
HAI,2008-07-30,22.6,0.0,6305
HAI,2008-07-31,23.0,0.0,6305
HAI,2008-08-01,22.7,0.3,6305
HAI,2008-08-02,21.4,0.0,6305
HAI,2008-08-03,21.5,2.3,6305
HAI,2008-08-04,19.7,0.1,6305
HAI,2008-08-05,17.2,0.0,6305
HAI,2008-08-06,20.0,0.0,6305
HAI,2008-08-07,23.5,1.8,6305
HAI,2008-08-08,17.7,12.2,6305
HAI,2008-08-09,15.3,0.0,6305
HAI,2008-08-10,17.7,0.1,6305
HAI,2008-08-11,20.2,2.9,6305
HAI,2008-08-12,18.8,0.2,6305
HAI,2008-08-13,19.0,0.0,6305
HAI,2008-08-14,17.5,0.0,6305
HAI,2008-08-15,14.9,0.5,6305
HAI,2008-08-16,15.3,0.0,6305
HAI,2008-08-17,16.4,0.0,6305
HAI,2008-08-18,18.5,0.0,6305
HAI,2008-08-19,17.9,0.0,6305
HAI,2008-08-20,18.0,0.4,6305
HAI,2008-08-21,17.7,0.0,6305
HAI,2008-08-22,18.3,3.5,6305
HAI,2008-08-23,14.4,4.1,6305
HAI,2008-08-24,14.9,0.7,6305
HAI,2008-08-25,15.4,0.6,6305
HAI,2008-08-26,16.2,0.0,6305
HAI,2008-08-27,19.6,0.0,6305
HAI,2008-08-28,16.9,0.1,6305
HAI,2008-08-29,17.7,0.0,6305
HAI,2008-08-30,16.8,0.0,6305
HAI,2008-08-31,17.7,0.0,6305
HAI,2008-09-01,15.7,7.4,6305
HAI,2008-09-02,17.4,0.0,6305
HAI,2008-09-03,14.9,2.8,6305
HAI,2008-09-04,13.4,0.0,6305
HAI,2008-09-05,15.6,2.1,6305
HAI,2008-09-06,18.4,0.9,6305
HAI,2008-09-07,16.6,0.0,6305
HAI,2008-09-08,15.6,0.0,6305
HAI,2008-09-09,15.3,0.0,6305
HAI,2008-09-10,17.7,0.0,6305
HAI,2008-09-11,18.9,0.0,6305
HAI,2008-09-12,16.4,0.0,6305
HAI,2008-09-13,12.3,0.0,6305
HAI,2008-09-14,8.8,2.7,6305
HAI,2008-09-15,9.6,0.0,6305
HAI,2008-09-16,9.6,0.0,6305
HAI,2008-09-17,8.8,0.0,6305
HAI,2008-09-18,7.7,0.0,6305
HAI,2008-09-19,8.7,0.0,6305
HAI,2008-09-20,11.2,0.0,6305
HAI,2008-09-21,11.2,2.0,6305
HAI,2008-09-22,10.6,4.3,6305
HAI,2008-09-23,11.0,8.8,6305
HAI,2008-09-24,11.2,0.3,6305
HAI,2008-09-25,10.6,0.0,6305
HAI,2008-09-26,9.7,0.0,6305
HAI,2008-09-27,8.5,0.0,6305
HAI,2008-09-28,9.6,0.0,6305
HAI,2008-09-29,10.6,0.0,6305
HAI,2008-09-30,9.8,9.5,6305
HAI,2008-10-01,11.8,4.5,6305
HAI,2008-10-02,9.7,0.2,6305
HAI,2008-10-03,7.5,0.0,6305
HAI,2008-10-04,6.1,0.1,6305
HAI,2008-10-05,9.5,4.7,6305
HAI,2008-10-06,12.1,4.2,6305
HAI,2008-10-07,12.5,0.0,6305
HAI,2008-10-08,13.0,0.0,6305
HAI,2008-10-09,12.0,0.0,6305
HAI,2008-10-10,9.9,0.0,6305
HAI,2008-10-11,10.7,0.0,6305
HAI,2008-10-12,11.0,0.0,6305
HAI,2008-10-13,12.7,0.6,6305
HAI,2008-10-14,13.1,0.2,6305
HAI,2008-10-15,11.7,3.3,6305
HAI,2008-10-16,10.7,3.6,6305
HAI,2008-10-17,7.2,0.0,6305
HAI,2008-10-18,5.6,0.0,6305
HAI,2008-10-19,6.6,0.0,6305
HAI,2008-10-20,8.1,0.0,6305
HAI,2008-10-21,12.9,2.7,6305
HAI,2008-10-22,8.0,0.0,6305
HAI,2008-10-23,4.1,0.0,6305
HAI,2008-10-24,4.4,0.2,6305
HAI,2008-10-25,7.9,0.0,6305
HAI,2008-10-26,8.7,5.1,6305
HAI,2008-10-27,8.7,3.1,6305
HAI,2008-10-28,5.3,0.0,6305
HAI,2008-10-29,4.7,4.0,6305
HAI,2008-10-30,2.7,4.8,6305
HAI,2008-10-31,3.2,0.0,6305
HAI,2008-11-01,4.0,0.0,6305
HAI,2008-11-02,4.6,0.0,6305
HAI,2008-11-03,7.6,0.0,6305
HAI,2008-11-04,7.7,0.0,6305
HAI,2008-11-05,9.5,0.0,6305
HAI,2008-11-06,9.9,0.3,6305
HAI,2008-11-07,8.5,0.0,6305
HAI,2008-11-08,3.7,0.0,6305
HAI,2008-11-09,5.9,2.0,6305
HAI,2008-11-10,13.5,0.0,6305
HAI,2008-11-11,11.5,0.5,6305
HAI,2008-11-12,7.3,0.0,6305
HAI,2008-11-13,3.4,0.0,6305
HAI,2008-11-14,4.1,0.0,6305
HAI,2008-11-15,8.3,0.0,6305
HAI,2008-11-16,8.7,0.3,6305
HAI,2008-11-17,3.4,0.0,6305
HAI,2008-11-18,2.9,0.5,6305
HAI,2008-11-19,7.0,0.2,6305
HAI,2008-11-20,7.7,7.7,6305
HAI,2008-11-21,3.1,1.5,6305
HAI,2008-11-22,0.5,0.0,6305
HAI,2008-11-23,0.8,2.5,6305
HAI,2008-11-24,-1.9,10.8,6305
HAI,2008-11-25,-4.0,0.0,6305
HAI,2008-11-26,-1.3,0.8,6305
HAI,2008-11-27,3.4,0.8,6305
HAI,2008-11-28,0.9,0.3,6305
HAI,2008-11-29,0.2,1.1,6305
HAI,2008-11-30,-1.8,0.0,6305
HAI,2008-12-01,-0.2,4.6,6305
HAI,2008-12-02,3.2,0.5,6305
HAI,2008-12-03,0.8,4.7,6305
HAI,2008-12-04,0.5,3.7,6305
HAI,2008-12-05,4.1,1.2,6305
HAI,2008-12-06,3.6,3.3,6305
HAI,2008-12-07,3.6,0.1,6305
HAI,2008-12-08,2.5,0.0,6305
HAI,2008-12-09,-0.5,0.0,6305
HAI,2008-12-10,1.6,0.2,6305
HAI,2008-12-11,0.3,3.9,6305
HAI,2008-12-12,-0.2,0.0,6305
HAI,2008-12-13,-0.3,0.0,6305
HAI,2008-12-14,0.4,0.0,6305
HAI,2008-12-15,1.6,0.0,6305
HAI,2008-12-16,2.3,0.0,6305
HAI,2008-12-17,1.5,0.8,6305
HAI,2008-12-18,2.2,0.3,6305
HAI,2008-12-19,3.6,1.9,6305
HAI,2008-12-20,4.9,0.2,6305
HAI,2008-12-21,6.0,0.5,6305
HAI,2008-12-22,7.6,0.7,6305
HAI,2008-12-23,5.6,0.2,6305
HAI,2008-12-24,5.4,1.9,6305
HAI,2008-12-25,1.9,0.0,6305
HAI,2008-12-26,-2.8,0.0,6305
HAI,2008-12-27,-2.6,0.0,6305
HAI,2008-12-28,-3.3,0.0,6305
HAI,2008-12-29,-4.8,0.0,6305
HAI,2008-12-30,-6.1,0.0,6305
HAI,2008-12-31,-7.8,0.0,6305
